Název okresu,year_num,month_num,cena_count,cena_m2_mean,cena_mean
Benešov,2020,3,39,41043,2779357
Benešov,2020,4,45,44325,3076314
Benešov,2020,5,44,43562,3113026
Benešov,2020,6,26,44091,2862128
Benešov,2020,7,18,43063,3044555
Benešov,2020,8,40,43360,2979120
Benešov,2020,9,45,44035,3031581
Benešov,2020,10,53,42021,2826512
Benešov,2020,12,25,42041,2853016
Benešov,2021,1,23,45164,3221173
Benešov,2021,2,26,46096,3113392
Benešov,2021,3,23,41876,3185313
Benešov,2021,4,24,51599,3534908
Benešov,2021,6,29,51964,3418310
Benešov,2021,7,33,54897,3376939
Benešov,2021,8,30,59404,3898133
Benešov,2021,9,23,60517,3891217
Benešov,2021,10,31,59946,4431833
Benešov,2021,11,23,64066,4850166
Benešov,2021,12,34,64072,4283287
Benešov,2022,1,29,70176,4700929
Benešov,2022,2,35,73698,4835236
Benešov,2022,3,35,75351,4627024
Benešov,2022,4,36,75948,4517829
Benešov,2022,5,29,78489,4651006
Benešov,2022,6,33,75358,4953006
Benešov,2022,7,46,71316,4521902
Benešov,2022,8,45,70092,4343465
Beroun,2020,3,121,56079,4270158
Beroun,2020,4,114,55793,4138046
Beroun,2020,5,111,55202,4199877
Beroun,2020,6,52,54126,4102555
Beroun,2020,7,30,56123,4677803
Beroun,2020,8,71,56475,4499338
Beroun,2020,9,75,55652,4324500
Beroun,2020,10,83,58274,4190062
Beroun,2020,12,69,61597,4551522
Beroun,2021,1,76,63594,4644390
Beroun,2021,2,71,63945,4743094
Beroun,2021,3,81,68290,4440570
Beroun,2021,4,67,71477,4652623
Beroun,2021,6,78,73562,4778418
Beroun,2021,7,76,74288,4797046
Beroun,2021,8,82,76191,4717142
Beroun,2021,9,75,78980,5174785
Beroun,2021,10,65,78942,4882880
Beroun,2021,11,62,78373,5055932
Beroun,2021,12,67,81023,5503226
Beroun,2022,1,79,80225,5112466
Beroun,2022,2,64,81150,5301839
Beroun,2022,3,81,87317,5316055
Beroun,2022,4,89,87421,5183855
Beroun,2022,5,78,88560,5635489
Beroun,2022,6,99,81763,5642092
Beroun,2022,7,144,83430,4994774
Beroun,2022,8,157,82331,5294585
Blansko,2020,3,65,41429,2822487
Blansko,2020,4,70,42626,2917345
Blansko,2020,5,60,43389,2867137
Blansko,2020,6,58,45075,2960223
Blansko,2020,7,41,47376,3295141
Blansko,2020,8,56,48605,3229807
Blansko,2020,9,64,49339,3221541
Blansko,2020,10,51,48589,3279519
Blansko,2020,12,100,36565,2357581
Blansko,2021,1,77,38157,2312287
Blansko,2021,2,54,46805,3129792
Blansko,2021,3,56,55181,4113941
Blansko,2021,4,53,56206,4114476
Blansko,2021,6,40,57955,4019749
Blansko,2021,7,37,55100,3926633
Blansko,2021,8,37,59380,4232140
Blansko,2021,9,33,58612,4093547
Blansko,2021,10,43,65362,4389722
Blansko,2021,11,36,58207,3926480
Blansko,2021,12,29,59169,4276418
Blansko,2022,1,35,68486,4640074
Blansko,2022,2,48,64514,4335497
Blansko,2022,3,59,66213,4260356
Blansko,2022,4,65,67315,4327362
Blansko,2022,5,60,67132,4380192
Blansko,2022,6,46,68333,4644081
Blansko,2022,7,62,68528,4129855
Blansko,2022,8,70,66937,4228521
Brno-město,2020,3,612,73148,5523652
Brno-město,2020,4,607,73722,5337355
Brno-město,2020,5,649,74026,5214436
Brno-město,2020,6,516,74098,5305701
Brno-město,2020,7,370,73476,5639937
Brno-město,2020,8,496,75873,5649554
Brno-město,2020,9,475,75727,5525310
Brno-město,2020,10,480,77748,5780136
Brno-město,2020,12,454,82821,5804809
Brno-město,2021,1,393,84745,5970272
Brno-město,2021,2,359,86500,6186296
Brno-město,2021,3,391,88693,6183874
Brno-město,2021,4,353,88715,6265819
Brno-město,2021,6,380,97144,6595116
Brno-město,2021,7,371,98155,6572902
Brno-město,2021,8,415,98470,6858178
Brno-město,2021,9,407,98053,6695658
Brno-město,2021,10,434,102553,6920683
Brno-město,2021,11,393,103370,7061501
Brno-město,2021,12,391,105742,7075944
Brno-město,2022,1,456,106593,7038036
Brno-město,2022,2,453,107621,7255701
Brno-město,2022,3,566,109902,7317826
Brno-město,2022,4,752,109339,7319974
Brno-město,2022,5,661,110504,7291613
Brno-město,2022,6,758,111197,7142604
Brno-město,2022,7,968,109410,6847168
Brno-město,2022,8,958,107521,6943962
Brno-venkov,2020,3,152,53191,3853442
Brno-venkov,2020,4,143,54704,3956769
Brno-venkov,2020,5,148,53717,3881416
Brno-venkov,2020,6,119,55794,4018624
Brno-venkov,2020,7,78,54265,4084712
Brno-venkov,2020,8,113,54932,4220125
Brno-venkov,2020,9,102,56417,4235444
Brno-venkov,2020,10,106,55441,4294020
Brno-venkov,2020,12,97,56991,4509986
Brno-venkov,2021,1,90,60434,4568455
Brno-venkov,2021,2,70,61157,4741125
Brno-venkov,2021,3,76,62229,4735054
Brno-venkov,2021,4,78,66008,4731434
Brno-venkov,2021,6,66,70401,4932266
Brno-venkov,2021,7,80,70074,4726430
Brno-venkov,2021,8,85,74317,4991597
Brno-venkov,2021,9,86,80870,5464295
Brno-venkov,2021,10,101,76589,5016560
Brno-venkov,2021,11,101,78533,5310078
Brno-venkov,2021,12,104,81374,5425831
Brno-venkov,2022,1,107,87464,5851731
Brno-venkov,2022,2,112,84902,5757871
Brno-venkov,2022,3,126,89114,6461250
Brno-venkov,2022,4,149,89536,6385071
Brno-venkov,2022,5,147,90081,6430871
Brno-venkov,2022,6,161,90956,6150918
Brno-venkov,2022,7,174,86938,5765158
Brno-venkov,2022,8,177,83772,5926798
Bruntál,2020,3,61,18715,1300006
Bruntál,2020,4,51,19491,1453635
Bruntál,2020,5,47,21532,1602604
Bruntál,2020,6,23,24618,1809886
Bruntál,2020,7,38,26469,1990355
Bruntál,2020,8,40,25767,1899435
Bruntál,2020,9,48,27708,1944067
Bruntál,2020,10,40,28116,1972685
Bruntál,2020,12,35,34746,2301385
Bruntál,2021,1,35,32015,2428542
Bruntál,2021,2,28,34705,2636892
Bruntál,2021,3,23,28323,2659526
Bruntál,2021,4,29,34179,2558086
Bruntál,2021,6,48,34938,2508085
Bruntál,2021,7,49,33958,2390328
Bruntál,2021,8,49,38153,2616557
Bruntál,2021,9,54,38641,2843338
Bruntál,2021,10,62,37837,2795137
Bruntál,2021,11,55,36671,2755954
Bruntál,2021,12,52,35152,2576942
Bruntál,2022,1,58,35016,2779777
Bruntál,2022,2,61,37245,2697155
Bruntál,2022,3,39,46385,2883269
Bruntál,2022,4,69,41269,2546217
Bruntál,2022,5,60,39930,2522623
Bruntál,2022,6,92,41094,2544497
Bruntál,2022,7,99,43969,2953670
Bruntál,2022,8,94,43244,2816430
Břeclav,2020,3,87,40354,2928129
Břeclav,2020,4,71,39931,2856120
Břeclav,2020,5,64,40666,2843789
Břeclav,2020,6,69,43870,2929976
Břeclav,2020,7,43,40178,3154767
Břeclav,2020,8,65,44858,2925266
Břeclav,2020,9,64,44100,2841060
Břeclav,2020,10,66,43088,3076058
Břeclav,2020,12,43,45030,3236640
Břeclav,2021,1,47,46755,3281411
Břeclav,2021,2,47,46854,3487475
Břeclav,2021,3,45,46501,3510319
Břeclav,2021,4,68,48914,3478391
Břeclav,2021,6,41,53516,4080358
Břeclav,2021,7,43,53688,3959754
Břeclav,2021,8,49,56344,4229842
Břeclav,2021,9,44,59709,4394742
Břeclav,2021,10,47,58661,4404297
Břeclav,2021,11,46,58027,4161152
Břeclav,2021,12,33,60242,4438909
Břeclav,2022,1,37,62354,4741837
Břeclav,2022,2,38,61849,4491921
Břeclav,2022,3,47,69748,4544393
Břeclav,2022,4,52,67782,4834428
Břeclav,2022,5,45,67549,4828758
Břeclav,2022,6,56,68418,4761623
Břeclav,2022,7,72,69195,5019828
Břeclav,2022,8,79,67450,5023915
Cheb,2020,3,320,45417,3386633
Cheb,2020,4,313,43324,3546578
Cheb,2020,5,283,41948,3282337
Cheb,2020,6,234,41981,3360144
Cheb,2020,7,252,42993,3586412
Cheb,2020,8,249,44473,3606679
Cheb,2020,9,264,43046,3388954
Cheb,2020,10,257,43322,3445328
Cheb,2020,12,240,40492,3186241
Cheb,2021,1,255,43768,3600992
Cheb,2021,2,213,42054,3292343
Cheb,2021,3,232,42857,3426245
Cheb,2021,4,229,42193,3451978
Cheb,2021,6,227,45739,3827498
Cheb,2021,7,207,46990,3774281
Cheb,2021,8,202,47481,3907202
Cheb,2021,9,189,47911,3970671
Cheb,2021,10,196,48245,3708057
Cheb,2021,11,194,49004,3839821
Cheb,2021,12,168,51318,4267937
Cheb,2022,1,177,52744,4465299
Cheb,2022,2,194,51695,4162074
Cheb,2022,3,191,51227,4315312
Cheb,2022,4,186,47680,3901211
Cheb,2022,5,188,52077,4276420
Cheb,2022,6,206,51776,4175573
Cheb,2022,7,210,51681,4250803
Cheb,2022,8,225,52507,4111561
Chomutov,2020,3,241,21735,1315562
Chomutov,2020,4,246,21950,1305959
Chomutov,2020,5,260,20834,1235674
Chomutov,2020,6,251,20166,1178864
Chomutov,2020,7,181,22286,1270290
Chomutov,2020,8,226,20006,1188420
Chomutov,2020,9,195,21138,1276385
Chomutov,2020,10,205,19910,1239400
Chomutov,2020,12,172,21166,1388852
Chomutov,2021,1,147,21770,1417384
Chomutov,2021,2,124,22749,1429498
Chomutov,2021,3,129,23632,1470398
Chomutov,2021,4,120,22354,1426787
Chomutov,2021,6,129,28237,1733243
Chomutov,2021,7,118,28803,1754942
Chomutov,2021,8,130,30705,1810976
Chomutov,2021,9,129,30890,1824902
Chomutov,2021,10,161,32732,1903192
Chomutov,2021,11,143,32181,1777448
Chomutov,2021,12,159,35245,2196874
Chomutov,2022,1,174,36703,2259193
Chomutov,2022,2,175,38992,2310283
Chomutov,2022,3,172,35761,2150650
Chomutov,2022,4,228,33596,2080402
Chomutov,2022,5,204,36292,2213190
Chomutov,2022,6,209,34551,2204523
Chomutov,2022,7,307,35969,2250535
Chomutov,2022,8,290,35388,2214216
Chrudim,2020,3,75,32313,2187273
Chrudim,2020,4,76,31111,2175187
Chrudim,2020,5,61,32927,2198013
Chrudim,2020,6,62,29353,2065908
Chrudim,2020,7,63,30468,2028052
Chrudim,2020,8,57,29451,1833400
Chrudim,2020,9,60,30380,1927818
Chrudim,2020,10,47,28244,1837834
Chrudim,2020,12,48,35925,2158687
Chrudim,2021,1,57,37411,2182859
Chrudim,2021,2,32,42621,2642940
Chrudim,2021,3,32,40626,2671489
Chrudim,2021,4,37,43661,2679834
Chrudim,2021,6,44,45873,2931278
Chrudim,2021,7,41,47554,3015250
Chrudim,2021,8,43,48692,2783162
Chrudim,2021,9,42,49182,3038452
Chrudim,2021,10,40,54239,3222936
Chrudim,2021,11,38,54403,3368055
Chrudim,2021,12,42,55595,3189019
Chrudim,2022,1,37,58167,3617345
Chrudim,2022,2,36,60696,3967758
Chrudim,2022,3,46,53502,3652299
Chrudim,2022,4,59,56367,3613131
Chrudim,2022,5,53,56929,3648894
Chrudim,2022,6,62,59505,3664506
Chrudim,2022,7,83,58254,3546094
Chrudim,2022,8,77,56507,3362357
Domažlice,2020,3,42,27727,1828235
Domažlice,2020,4,38,28281,1752368
Domažlice,2020,5,31,27999,1940903
Domažlice,2020,6,36,27610,2014138
Domažlice,2020,7,43,27868,1877279
Domažlice,2020,8,33,27513,1975393
Domažlice,2020,9,33,27824,1972363
Domažlice,2020,10,31,26800,1897516
Domažlice,2020,12,19,27798,1916078
Domažlice,2021,1,24,30035,2022104
Domažlice,2021,2,19,30640,2029210
Domažlice,2021,3,19,30777,2020789
Domažlice,2021,4,23,34011,2230304
Domažlice,2021,6,20,31805,2406450
Domažlice,2021,7,19,31514,2211000
Domažlice,2021,8,15,35266,2434369
Domažlice,2021,9,17,35916,2317032
Domažlice,2021,10,16,33706,2348775
Domažlice,2021,11,15,32426,2332733
Domažlice,2021,12,24,35905,2490250
Domažlice,2022,1,23,37914,2463608
Domažlice,2022,2,22,41546,2653500
Domažlice,2022,3,31,46457,2778129
Domažlice,2022,4,33,45202,2696757
Domažlice,2022,5,25,46916,2754640
Domažlice,2022,6,29,50156,2943793
Domažlice,2022,7,27,46203,2832785
Domažlice,2022,8,34,44427,2862476
Děčín,2020,3,54,21867,1539461
Děčín,2020,4,57,20300,1434835
Děčín,2020,5,50,21592,1565920
Děčín,2020,6,50,22251,1538346
Děčín,2020,7,61,23896,1560759
Děčín,2020,8,55,23711,1697490
Děčín,2020,9,58,25650,1786706
Děčín,2020,10,59,24462,1790254
Děčín,2020,12,40,27067,1855100
Děčín,2021,1,37,27268,1971486
Děčín,2021,2,38,26607,2182052
Děčín,2021,3,40,26056,2099550
Děčín,2021,4,38,25590,1992710
Děčín,2021,6,38,31132,2151894
Děčín,2021,7,38,32369,2211605
Děčín,2021,8,46,32237,2302994
Děčín,2021,9,53,32480,2241716
Děčín,2021,10,51,35112,2522843
Děčín,2021,11,47,33525,2404536
Děčín,2021,12,53,38141,2576385
Děčín,2022,1,62,38413,2576567
Děčín,2022,2,71,37973,2570482
Děčín,2022,3,66,41202,2618682
Děčín,2022,4,94,38288,2491556
Děčín,2022,5,87,41005,2614724
Děčín,2022,6,94,40787,2585989
Děčín,2022,7,108,39909,2540735
Děčín,2022,8,124,40339,2458689
Frýdek-Místek,2020,3,90,32306,2137812
Frýdek-Místek,2020,4,96,33471,2192310
Frýdek-Místek,2020,5,97,34116,2199314
Frýdek-Místek,2020,6,55,36777,2534214
Frýdek-Místek,2020,7,72,34851,2400896
Frýdek-Místek,2020,8,74,33345,2308827
Frýdek-Místek,2020,9,83,34676,2227582
Frýdek-Místek,2020,10,61,36117,2525349
Frýdek-Místek,2020,12,52,38382,2806155
Frýdek-Místek,2021,1,40,38632,3035789
Frýdek-Místek,2021,2,41,39557,3132782
Frýdek-Místek,2021,3,51,39303,2891424
Frýdek-Místek,2021,4,56,42512,3036881
Frýdek-Místek,2021,6,75,45487,2956879
Frýdek-Místek,2021,7,68,45745,2714111
Frýdek-Místek,2021,8,57,44821,3108171
Frýdek-Místek,2021,9,60,45796,3035758
Frýdek-Místek,2021,10,63,50915,3400555
Frýdek-Místek,2021,11,65,49727,3315423
Frýdek-Místek,2021,12,63,51044,3306882
Frýdek-Místek,2022,1,73,52250,3350184
Frýdek-Místek,2022,2,69,52752,3624086
Frýdek-Místek,2022,3,85,54217,3242517
Frýdek-Místek,2022,4,108,53697,3282495
Frýdek-Místek,2022,5,104,52969,3221649
Frýdek-Místek,2022,6,117,52706,3183435
Frýdek-Místek,2022,7,145,50000,3121835
Frýdek-Místek,2022,8,146,48829,3060712
Havlíčkův Brod,2020,3,44,35605,2497119
Havlíčkův Brod,2020,4,45,33463,2245282
Havlíčkův Brod,2020,5,47,34097,2303951
Havlíčkův Brod,2020,6,67,36391,2363638
Havlíčkův Brod,2020,7,69,36427,2413216
Havlíčkův Brod,2020,8,72,36333,2328988
Havlíčkův Brod,2020,9,73,37116,2293763
Havlíčkův Brod,2020,10,55,34201,2158791
Havlíčkův Brod,2020,12,31,34841,2376658
Havlíčkův Brod,2021,1,36,40251,2698448
Havlíčkův Brod,2021,2,34,42483,2755927
Havlíčkův Brod,2021,3,36,43181,2577219
Havlíčkův Brod,2021,4,31,43307,2608003
Havlíčkův Brod,2021,6,33,44862,2740730
Havlíčkův Brod,2021,7,22,42815,2621280
Havlíčkův Brod,2021,8,17,43478,2538541
Havlíčkův Brod,2021,9,19,45871,2637536
Havlíčkův Brod,2021,10,17,48235,2775482
Havlíčkův Brod,2021,11,14,41807,2814585
Havlíčkův Brod,2021,12,15,42365,2795880
Havlíčkův Brod,2022,1,13,42275,2586538
Havlíčkův Brod,2022,2,16,45616,2810522
Havlíčkův Brod,2022,3,22,47107,3027863
Havlíčkův Brod,2022,4,26,47960,2984500
Havlíčkův Brod,2022,5,30,56388,3466360
Havlíčkův Brod,2022,6,29,55571,3266387
Havlíčkův Brod,2022,7,54,55755,3565024
Havlíčkův Brod,2022,8,55,56749,3472636
Hlavní město Praha,2020,3,4203,103825,7643855
Hlavní město Praha,2020,4,3964,103362,7483983
Hlavní město Praha,2020,5,4259,103500,7463829
Hlavní město Praha,2020,6,1933,104951,7207933
Hlavní město Praha,2020,7,3251,103174,7946902
Hlavní město Praha,2020,8,3055,106002,7483641
Hlavní město Praha,2020,9,3948,107201,7674142
Hlavní město Praha,2020,10,3943,106907,7718844
Hlavní město Praha,2020,12,3708,110091,7849885
Hlavní město Praha,2021,1,3739,111355,7805870
Hlavní město Praha,2021,2,3578,115068,8056418
Hlavní město Praha,2021,3,3381,116334,8138877
Hlavní město Praha,2021,4,3336,117995,8304904
Hlavní město Praha,2021,6,3235,121189,8471306
Hlavní město Praha,2021,7,3034,121885,8426617
Hlavní město Praha,2021,8,3062,122114,8561134
Hlavní město Praha,2021,9,2893,123929,8738385
Hlavní město Praha,2021,10,2473,125329,8901937
Hlavní město Praha,2021,11,2599,128699,8838150
Hlavní město Praha,2021,12,2590,130185,8909949
Hlavní město Praha,2022,1,2876,133219,8876547
Hlavní město Praha,2022,2,2993,134312,8887625
Hlavní město Praha,2022,3,1494,130367,9112822
Hlavní město Praha,2022,4,2966,132414,9155662
Hlavní město Praha,2022,5,2551,133645,9370592
Hlavní město Praha,2022,6,2038,130493,8367768
Hlavní město Praha,2022,7,2598,131223,8227911
Hlavní město Praha,2022,8,2657,130330,8197126
Hodonín,2020,3,47,32160,2303049
Hodonín,2020,4,56,32670,2299943
Hodonín,2020,5,61,33533,2405917
Hodonín,2020,6,42,33995,2710641
Hodonín,2020,7,47,32424,2563765
Hodonín,2020,8,55,34218,2366723
Hodonín,2020,9,45,35670,2483626
Hodonín,2020,10,41,35579,2676448
Hodonín,2020,12,21,38601,2498047
Hodonín,2021,1,17,38879,2477882
Hodonín,2021,2,31,42064,2755663
Hodonín,2021,3,25,41878,2724618
Hodonín,2021,4,42,43805,2782404
Hodonín,2021,6,37,44869,2983013
Hodonín,2021,7,36,43501,3008708
Hodonín,2021,8,47,44219,2827584
Hodonín,2021,9,38,48030,3137657
Hodonín,2021,10,36,50523,3246633
Hodonín,2021,11,29,48794,3177729
Hodonín,2021,12,70,55966,3156172
Hodonín,2022,1,54,59216,3597065
Hodonín,2022,2,81,61331,3716926
Hodonín,2022,3,100,60207,3884029
Hodonín,2022,4,123,58953,3824247
Hodonín,2022,5,135,60474,3804192
Hodonín,2022,6,112,59121,3659680
Hodonín,2022,7,113,54796,3689150
Hodonín,2022,8,143,56734,3771659
Hradec Králové,2020,3,157,50225,3420659
Hradec Králové,2020,4,197,51396,3539868
Hradec Králové,2020,5,200,52593,3608880
Hradec Králové,2020,6,165,52203,3674990
Hradec Králové,2020,7,131,53237,3649511
Hradec Králové,2020,8,133,51346,3566361
Hradec Králové,2020,9,118,58098,3693004
Hradec Králové,2020,10,95,52902,3783989
Hradec Králové,2020,12,66,52542,4015936
Hradec Králové,2021,1,58,52850,4245649
Hradec Králové,2021,2,50,54698,4461509
Hradec Králové,2021,3,45,59418,4945276
Hradec Králové,2021,4,52,63852,4450443
Hradec Králové,2021,6,68,67803,4737514
Hradec Králové,2021,7,77,67426,4688811
Hradec Králové,2021,8,74,68960,4940608
Hradec Králové,2021,9,69,67710,4701652
Hradec Králové,2021,10,80,70114,5135762
Hradec Králové,2021,11,65,72749,4861338
Hradec Králové,2021,12,72,77009,5463051
Hradec Králové,2022,1,76,79899,5458763
Hradec Králové,2022,2,93,77560,5487126
Hradec Králové,2022,3,117,81446,5460111
Hradec Králové,2022,4,159,78834,5362028
Hradec Králové,2022,5,140,78456,5452854
Hradec Králové,2022,6,140,79906,5291729
Hradec Králové,2022,7,168,77828,5135813
Hradec Králové,2022,8,192,77127,4929747
Jablonec nad Nisou,2020,3,81,34517,2308174
Jablonec nad Nisou,2020,4,92,35664,2386808
Jablonec nad Nisou,2020,5,96,34350,2323347
Jablonec nad Nisou,2020,6,73,35476,2451909
Jablonec nad Nisou,2020,7,49,33213,2396314
Jablonec nad Nisou,2020,8,72,33783,2253516
Jablonec nad Nisou,2020,9,74,33285,2143733
Jablonec nad Nisou,2020,10,75,40318,2827433
Jablonec nad Nisou,2020,12,44,42402,3159931
Jablonec nad Nisou,2021,1,42,41271,2839666
Jablonec nad Nisou,2021,2,43,44357,3057711
Jablonec nad Nisou,2021,3,34,39635,2470076
Jablonec nad Nisou,2021,4,50,40485,2661692
Jablonec nad Nisou,2021,6,51,49304,3275739
Jablonec nad Nisou,2021,7,66,50217,3339843
Jablonec nad Nisou,2021,8,63,49534,3206725
Jablonec nad Nisou,2021,9,55,58827,3390868
Jablonec nad Nisou,2021,10,74,70893,3996570
Jablonec nad Nisou,2021,11,66,71460,4290223
Jablonec nad Nisou,2021,12,68,73522,4471773
Jablonec nad Nisou,2022,1,79,65166,4143311
Jablonec nad Nisou,2022,2,96,69811,4578740
Jablonec nad Nisou,2022,3,100,71018,4719876
Jablonec nad Nisou,2022,4,119,69527,4477340
Jablonec nad Nisou,2022,5,89,67224,4331588
Jablonec nad Nisou,2022,6,110,68737,4152248
Jablonec nad Nisou,2022,7,157,63724,4042952
Jablonec nad Nisou,2022,8,167,64981,4153894
Jeseník,2020,3,31,26882,1859054
Jeseník,2020,4,29,25968,1877575
Jeseník,2020,5,25,29460,1853000
Jeseník,2020,6,24,24851,1531708
Jeseník,2020,7,27,30603,1755074
Jeseník,2020,8,24,25351,1636458
Jeseník,2020,9,24,25680,1499041
Jeseník,2020,10,17,21921,1360529
Jeseník,2020,12,20,22450,1395187
Jeseník,2021,1,22,21327,1306534
Jeseník,2021,2,13,22169,1346596
Jeseník,2021,3,15,25665,1548450
Jeseník,2021,4,22,36565,1940806
Jeseník,2021,6,17,40770,2164411
Jeseník,2021,7,16,43088,2226250
Jeseník,2021,8,12,32845,2184166
Jeseník,2021,9,12,36295,2212916
Jeseník,2021,10,17,43967,2301517
Jeseník,2021,11,14,29512,1959565
Jeseník,2021,12,14,31271,2444571
Jeseník,2022,1,18,35512,2412222
Jeseník,2022,2,19,33534,2623894
Jeseník,2022,3,19,33887,2450736
Jeseník,2022,4,26,32440,2252038
Jeseník,2022,5,21,33296,2535142
Jeseník,2022,6,24,37529,2513812
Jeseník,2022,7,38,38840,2363223
Jeseník,2022,8,42,39009,2376809
Jihlava,2020,3,123,40278,2638079
Jihlava,2020,4,123,40285,2708824
Jihlava,2020,5,103,40599,2775327
Jihlava,2020,6,80,40697,2736245
Jihlava,2020,7,90,41422,2779230
Jihlava,2020,8,107,42221,2811352
Jihlava,2020,9,95,41426,2736311
Jihlava,2020,10,93,40950,2837719
Jihlava,2020,12,72,42352,3146648
Jihlava,2021,1,79,43347,3228682
Jihlava,2021,2,47,43064,3369932
Jihlava,2021,3,41,42165,3107740
Jihlava,2021,4,44,44645,3327162
Jihlava,2021,6,39,49484,3611590
Jihlava,2021,7,35,49299,3632903
Jihlava,2021,8,45,54344,3606693
Jihlava,2021,9,38,54891,3584973
Jihlava,2021,10,36,57254,3843000
Jihlava,2021,11,33,54925,3959509
Jihlava,2021,12,47,58754,3828191
Jihlava,2022,1,35,60682,3935885
Jihlava,2022,2,50,62767,3944166
Jihlava,2022,3,66,59294,4058928
Jihlava,2022,4,92,57907,3850863
Jihlava,2022,5,73,59440,4030268
Jihlava,2022,6,93,59385,4196476
Jihlava,2022,7,116,59703,3979952
Jihlava,2022,8,125,59166,3925950
Jindřichův Hradec,2020,3,47,35314,2210578
Jindřichův Hradec,2020,4,48,34291,2181826
Jindřichův Hradec,2020,5,42,33499,2110825
Jindřichův Hradec,2020,6,43,37250,2282311
Jindřichův Hradec,2020,7,41,40196,2571814
Jindřichův Hradec,2020,8,33,33228,2579272
Jindřichův Hradec,2020,9,41,36881,2631185
Jindřichův Hradec,2020,10,35,35207,2376274
Jindřichův Hradec,2020,12,31,37354,2594270
Jindřichův Hradec,2021,1,30,41854,2757120
Jindřichův Hradec,2021,2,30,44964,2779486
Jindřichův Hradec,2021,3,20,43796,2776730
Jindřichův Hradec,2021,4,24,46521,2814491
Jindřichův Hradec,2021,6,16,43034,2910187
Jindřichův Hradec,2021,7,16,43422,2831500
Jindřichův Hradec,2021,8,19,46223,3068157
Jindřichův Hradec,2021,9,17,45176,2848823
Jindřichův Hradec,2021,10,21,47047,3109147
Jindřichův Hradec,2021,11,22,52920,3262708
Jindřichův Hradec,2021,12,30,58074,3609736
Jindřichův Hradec,2022,1,35,58869,3621517
Jindřichův Hradec,2022,2,26,56628,3635779
Jindřichův Hradec,2022,3,33,47864,3304451
Jindřichův Hradec,2022,4,46,52710,3438391
Jindřichův Hradec,2022,5,40,51992,3481370
Jindřichův Hradec,2022,6,31,50277,3373935
Jindřichův Hradec,2022,7,55,50384,3366981
Jindřichův Hradec,2022,8,60,55616,3344270
Jičín,2020,3,50,38389,2769568
Jičín,2020,4,49,36472,2675658
Jičín,2020,5,48,35367,2695519
Jičín,2020,6,47,39075,2965024
Jičín,2020,7,49,41161,3055268
Jičín,2020,8,46,39187,2942817
Jičín,2020,9,49,39699,2746212
Jičín,2020,10,53,39003,2994728
Jičín,2020,12,33,38566,2962425
Jičín,2021,1,37,37214,2578514
Jičín,2021,2,34,38649,2773236
Jičín,2021,3,23,40962,3032719
Jičín,2021,4,23,40169,3056545
Jičín,2021,6,23,40261,3643860
Jičín,2021,7,23,40448,3525164
Jičín,2021,8,19,42414,3617625
Jičín,2021,9,23,44763,3467603
Jičín,2021,10,24,43201,3504007
Jičín,2021,11,22,41540,3579822
Jičín,2021,12,40,47219,3237983
Jičín,2022,1,30,47599,3005985
Jičín,2022,2,17,49224,2912550
Jičín,2022,3,25,46983,3242294
Jičín,2022,4,30,46608,3360233
Jičín,2022,5,21,48746,3388238
Jičín,2022,6,30,47236,3333433
Jičín,2022,7,29,50745,3536275
Jičín,2022,8,26,52693,3514384
Karlovy Vary,2020,3,693,41358,3557989
Karlovy Vary,2020,4,644,42002,3557342
Karlovy Vary,2020,5,599,42310,3608960
Karlovy Vary,2020,6,471,43592,3744508
Karlovy Vary,2020,7,507,42675,3691644
Karlovy Vary,2020,8,541,43059,3665671
Karlovy Vary,2020,9,591,44187,3802374
Karlovy Vary,2020,10,548,44550,3831620
Karlovy Vary,2020,12,508,45348,3809461
Karlovy Vary,2021,1,487,44692,3767112
Karlovy Vary,2021,2,496,46540,4005373
Karlovy Vary,2021,3,436,45413,3892015
Karlovy Vary,2021,4,433,47238,4105207
Karlovy Vary,2021,6,421,51554,4695138
Karlovy Vary,2021,7,414,52339,4788809
Karlovy Vary,2021,8,429,53152,4750966
Karlovy Vary,2021,9,448,55312,4915685
Karlovy Vary,2021,10,418,58794,5262924
Karlovy Vary,2021,11,412,59154,5189829
Karlovy Vary,2021,12,340,58201,5047440
Karlovy Vary,2022,1,402,61047,5400586
Karlovy Vary,2022,2,413,61154,5179498
Karlovy Vary,2022,3,383,60490,5113183
Karlovy Vary,2022,4,434,61091,5083775
Karlovy Vary,2022,5,385,62202,5264767
Karlovy Vary,2022,6,417,61394,5001707
Karlovy Vary,2022,7,429,60609,4895765
Karlovy Vary,2022,8,478,58731,4769053
Karviná,2020,3,183,15774,925936
Karviná,2020,4,173,16569,978508
Karviná,2020,5,167,16865,1009838
Karviná,2020,6,88,16232,1032294
Karviná,2020,7,161,16038,918040
Karviná,2020,8,137,15767,929845
Karviná,2020,9,171,15964,954899
Karviná,2020,10,171,16588,983233
Karviná,2020,12,155,17292,969638
Karviná,2021,1,122,18211,979322
Karviná,2021,2,88,19530,1105123
Karviná,2021,3,82,22165,1297076
Karviná,2021,4,103,24139,1417377
Karviná,2021,6,136,26663,1545586
Karviná,2021,7,121,26635,1458468
Karviná,2021,8,123,27976,1567667
Karviná,2021,9,131,27495,1546776
Karviná,2021,10,174,27888,1539120
Karviná,2021,11,160,28067,1496329
Karviná,2021,12,152,29722,1598541
Karviná,2022,1,160,30904,1644878
Karviná,2022,2,179,32332,1774042
Karviná,2022,3,171,31700,1705738
Karviná,2022,4,236,30626,1689456
Karviná,2022,5,215,30516,1694369
Karviná,2022,6,228,30965,1766890
Karviná,2022,7,310,30560,1733593
Karviná,2022,8,300,29253,1667313
Kladno,2020,3,217,51243,3528696
Kladno,2020,4,213,51668,3423214
Kladno,2020,5,243,54391,3498582
Kladno,2020,6,88,53183,3463126
Kladno,2020,7,90,53568,3654501
Kladno,2020,8,170,51604,3753931
Kladno,2020,9,255,55375,3621072
Kladno,2020,10,241,56206,3674249
Kladno,2020,12,175,56603,3840136
Kladno,2021,1,194,60561,4416171
Kladno,2021,2,173,62894,4532100
Kladno,2021,3,158,62034,4822759
Kladno,2021,4,130,65352,4939436
Kladno,2021,6,146,65279,4753533
Kladno,2021,7,133,65793,4873273
Kladno,2021,8,157,69535,4628319
Kladno,2021,9,155,71504,4748119
Kladno,2021,10,133,72309,5133705
Kladno,2021,11,126,76604,5104107
Kladno,2021,12,134,78463,5590636
Kladno,2022,1,145,80273,5579417
Kladno,2022,2,181,79538,5605736
Kladno,2022,3,180,80023,5466160
Kladno,2022,4,225,80985,5180199
Kladno,2022,5,195,81027,5107202
Kladno,2022,6,247,80813,4991657
Kladno,2022,7,310,79328,4829453
Kladno,2022,8,306,78117,4843627
Klatovy,2020,3,81,44143,2912797
Klatovy,2020,4,81,42857,2833881
Klatovy,2020,5,83,46757,2992624
Klatovy,2020,6,67,44312,3096642
Klatovy,2020,7,47,41295,3395719
Klatovy,2020,8,45,46281,3313716
Klatovy,2020,9,43,45747,3214471
Klatovy,2020,10,41,47293,3229660
Klatovy,2020,12,35,53563,3418421
Klatovy,2021,1,34,64613,3477041
Klatovy,2021,2,41,62948,3389834
Klatovy,2021,3,45,63148,3253885
Klatovy,2021,4,29,47142,3515862
Klatovy,2021,6,56,78067,4222504
Klatovy,2021,7,55,79112,4367850
Klatovy,2021,8,49,76766,4201742
Klatovy,2021,9,51,75896,3787752
Klatovy,2021,10,37,58283,3407242
Klatovy,2021,11,44,57155,3253119
Klatovy,2021,12,57,57960,4009078
Klatovy,2022,1,77,64357,4635674
Klatovy,2022,2,72,68366,4874067
Klatovy,2022,3,67,64445,4530011
Klatovy,2022,4,83,67980,4800836
Klatovy,2022,5,67,67169,4483689
Klatovy,2022,6,67,72908,4862641
Klatovy,2022,7,87,71558,4784177
Klatovy,2022,8,97,72198,4971265
Kolín,2020,3,64,44994,3156071
Kolín,2020,4,67,44821,3163944
Kolín,2020,5,73,46747,3030893
Kolín,2020,6,26,48168,2984661
Kolín,2020,7,25,43162,3173928
Kolín,2020,8,60,45352,3100069
Kolín,2020,9,110,49754,2961400
Kolín,2020,10,104,49616,2840463
Kolín,2020,12,115,53363,3288527
Kolín,2021,1,93,54745,3348036
Kolín,2021,2,76,53194,3441417
Kolín,2021,3,74,53497,3570829
Kolín,2021,4,59,54931,3545256
Kolín,2021,6,48,58587,3756408
Kolín,2021,7,45,59885,3704414
Kolín,2021,8,52,58511,3959329
Kolín,2021,9,58,60721,3869976
Kolín,2021,10,73,63349,4110513
Kolín,2021,11,79,65197,4162634
Kolín,2021,12,76,73923,4041122
Kolín,2022,1,85,71609,4139769
Kolín,2022,2,80,72957,4352318
Kolín,2022,3,83,72967,4309001
Kolín,2022,4,101,72329,4298387
Kolín,2022,5,87,75187,4483679
Kolín,2022,6,105,74463,4267907
Kolín,2022,7,129,74522,4393016
Kolín,2022,8,134,73570,4408445
Kroměříž,2020,3,70,31606,2151392
Kroměříž,2020,4,69,35538,2354358
Kroměříž,2020,5,107,40571,2460690
Kroměříž,2020,6,48,33969,2348135
Kroměříž,2020,7,49,35786,2342081
Kroměříž,2020,8,47,35620,2357590
Kroměříž,2020,9,52,35163,2353698
Kroměříž,2020,10,60,35859,2503104
Kroměříž,2020,12,27,35663,2220111
Kroměříž,2021,1,28,35417,2601226
Kroměříž,2021,2,30,40767,3084076
Kroměříž,2021,3,37,43700,3134425
Kroměříž,2021,4,34,47374,3250639
Kroměříž,2021,6,46,46357,3052318
Kroměříž,2021,7,46,46355,3050954
Kroměříž,2021,8,39,48143,3384653
Kroměříž,2021,9,37,47681,3292324
Kroměříž,2021,10,25,50942,3213969
Kroměříž,2021,11,27,52108,3191009
Kroměříž,2021,12,53,46569,3285888
Kroměříž,2022,1,44,45750,3178042
Kroměříž,2022,2,43,46196,3111421
Kroměříž,2022,3,46,47170,3132418
Kroměříž,2022,4,50,49734,3140544
Kroměříž,2022,5,55,46592,2969258
Kroměříž,2022,6,58,47024,3026721
Kroměříž,2022,7,74,49438,3223969
Kroměříž,2022,8,72,47788,3112257
Kutná Hora,2020,3,43,31290,2284972
Kutná Hora,2020,4,41,31212,2350434
Kutná Hora,2020,5,35,32429,2352108
Kutná Hora,2020,6,14,37090,2772361
Kutná Hora,2020,7,16,36541,2708628
Kutná Hora,2020,8,20,36971,2529274
Kutná Hora,2020,9,26,40277,2858358
Kutná Hora,2020,10,24,40206,2973013
Kutná Hora,2020,12,27,42667,2999488
Kutná Hora,2021,1,31,43299,3495239
Kutná Hora,2021,2,31,48788,3527259
Kutná Hora,2021,3,49,62410,4962211
Kutná Hora,2021,4,66,60201,4349393
Kutná Hora,2021,6,86,61694,3718159
Kutná Hora,2021,7,88,61222,3691979
Kutná Hora,2021,8,74,59908,3887118
Kutná Hora,2021,9,64,60137,3866259
Kutná Hora,2021,10,53,58320,3847960
Kutná Hora,2021,11,56,64913,3960570
Kutná Hora,2021,12,61,65311,4020835
Kutná Hora,2022,1,64,63345,3951167
Kutná Hora,2022,2,76,64971,4159755
Kutná Hora,2022,3,83,68399,4169035
Kutná Hora,2022,4,99,70099,4045803
Kutná Hora,2022,5,97,72137,4052904
Kutná Hora,2022,6,103,70579,4107368
Kutná Hora,2022,7,108,68002,4162528
Kutná Hora,2022,8,110,68264,4235637
Liberec,2020,3,182,40850,2887253
Liberec,2020,4,174,42195,2967908
Liberec,2020,5,180,41541,2949058
Liberec,2020,6,153,40575,2899109
Liberec,2020,7,154,42037,3019901
Liberec,2020,8,192,47012,3427422
Liberec,2020,9,182,46854,3489477
Liberec,2020,10,167,48585,3563996
Liberec,2020,12,140,46692,3573095
Liberec,2021,1,117,45235,3615658
Liberec,2021,2,100,51119,4484849
Liberec,2021,3,116,54622,4590959
Liberec,2021,4,116,54829,4713907
Liberec,2021,6,127,61976,4458668
Liberec,2021,7,126,61600,4447396
Liberec,2021,8,127,61670,4501776
Liberec,2021,9,123,63345,4697026
Liberec,2021,10,111,62286,4698482
Liberec,2021,11,110,64155,4692542
Liberec,2021,12,110,65543,4900533
Liberec,2022,1,100,62740,4464609
Liberec,2022,2,131,65223,4731236
Liberec,2022,3,137,65164,4445248
Liberec,2022,4,172,65046,4473550
Liberec,2022,5,123,65738,4661182
Liberec,2022,6,152,66364,4578392
Liberec,2022,7,201,63183,4493228
Liberec,2022,8,186,65411,4478380
Litoměřice,2020,3,79,31102,1922164
Litoměřice,2020,4,76,32834,2016309
Litoměřice,2020,5,69,31490,1986188
Litoměřice,2020,6,48,31536,2042062
Litoměřice,2020,7,40,32981,2085775
Litoměřice,2020,8,42,33441,2248023
Litoměřice,2020,9,58,36800,2409560
Litoměřice,2020,10,60,40329,2721358
Litoměřice,2020,12,47,43158,3000078
Litoměřice,2021,1,61,42499,2905470
Litoměřice,2021,2,42,44629,2745325
Litoměřice,2021,3,48,43229,2718290
Litoměřice,2021,4,48,44063,2804942
Litoměřice,2021,6,46,42698,2722812
Litoměřice,2021,7,41,42606,2664058
Litoměřice,2021,8,48,44865,2517778
Litoměřice,2021,9,54,44799,2895708
Litoměřice,2021,10,56,46221,2939907
Litoměřice,2021,11,57,44597,2701700
Litoměřice,2021,12,52,50406,3203644
Litoměřice,2022,1,49,47829,3195938
Litoměřice,2022,2,71,51227,3267378
Litoměřice,2022,3,61,52444,3566721
Litoměřice,2022,4,97,58103,3579937
Litoměřice,2022,5,85,56345,3464987
Litoměřice,2022,6,90,59278,3680360
Litoměřice,2022,7,105,58065,3590612
Litoměřice,2022,8,90,54110,3384242
Louny,2020,3,43,23545,1472976
Louny,2020,4,44,24168,1558386
Louny,2020,5,48,23991,1617372
Louny,2020,6,46,23615,1526000
Louny,2020,7,42,25253,1579333
Louny,2020,8,38,23333,1497565
Louny,2020,9,37,25244,1636162
Louny,2020,10,45,24402,1423311
Louny,2020,12,48,25110,1565350
Louny,2021,1,39,26067,1583407
Louny,2021,2,45,27596,1599842
Louny,2021,3,40,30663,1680197
Louny,2021,4,40,31105,1745972
Louny,2021,6,39,33269,1974228
Louny,2021,7,36,33679,2011247
Louny,2021,8,44,35503,2050340
Louny,2021,9,53,36081,2309186
Louny,2021,10,51,34550,2117370
Louny,2021,11,41,33815,2122658
Louny,2021,12,49,38137,2290976
Louny,2022,1,50,38557,2214777
Louny,2022,2,68,39689,2173037
Louny,2022,3,52,39554,2173358
Louny,2022,4,78,38929,2232800
Louny,2022,5,79,41397,2399114
Louny,2022,6,95,40453,2427405
Louny,2022,7,113,40603,2478416
Louny,2022,8,123,40182,2421990
Mladá Boleslav,2020,3,158,49222,3283010
Mladá Boleslav,2020,4,174,47881,3227743
Mladá Boleslav,2020,5,161,47792,3186098
Mladá Boleslav,2020,6,65,48904,3164909
Mladá Boleslav,2020,7,55,46487,3549585
Mladá Boleslav,2020,8,112,59092,3453739
Mladá Boleslav,2020,9,120,62091,3475836
Mladá Boleslav,2020,10,112,63830,3319931
Mladá Boleslav,2020,12,52,51265,3790078
Mladá Boleslav,2021,1,47,51193,3701838
Mladá Boleslav,2021,2,51,53282,3899945
Mladá Boleslav,2021,3,57,53202,3716208
Mladá Boleslav,2021,4,70,58250,3447555
Mladá Boleslav,2021,6,46,59877,4203151
Mladá Boleslav,2021,7,62,63602,4161923
Mladá Boleslav,2021,8,58,63742,4387969
Mladá Boleslav,2021,9,43,62544,4413730
Mladá Boleslav,2021,10,50,67569,4489060
Mladá Boleslav,2021,11,53,71756,4570018
Mladá Boleslav,2021,12,90,73967,5093275
Mladá Boleslav,2022,1,126,74918,4972881
Mladá Boleslav,2022,2,129,74621,4785419
Mladá Boleslav,2022,3,139,76803,4885836
Mladá Boleslav,2022,4,146,75605,4746570
Mladá Boleslav,2022,5,144,76795,4706028
Mladá Boleslav,2022,6,164,76092,4564534
Mladá Boleslav,2022,7,149,73102,4667953
Mladá Boleslav,2022,8,187,73607,4585903
Most,2020,3,224,13334,806201
Most,2020,4,237,13390,800969
Most,2020,5,225,13959,819704
Most,2020,6,207,14408,853808
Most,2020,7,153,15031,904881
Most,2020,8,201,14084,839554
Most,2020,9,246,14589,881279
Most,2020,10,256,14787,914053
Most,2020,12,193,16074,980190
Most,2021,1,185,16352,987417
Most,2021,2,127,17865,1086365
Most,2021,3,113,17678,1082937
Most,2021,4,108,18579,1184576
Most,2021,6,118,20632,1253050
Most,2021,7,112,19950,1174824
Most,2021,8,153,20778,1223386
Most,2021,9,158,21677,1249399
Most,2021,10,149,23362,1330406
Most,2021,11,127,23368,1318969
Most,2021,12,150,23680,1388303
Most,2022,1,161,25177,1485199
Most,2022,2,191,27442,1543895
Most,2022,3,229,28270,1566171
Most,2022,4,298,28118,1540264
Most,2022,5,274,28484,1539833
Most,2022,6,269,27336,1539695
Most,2022,7,350,26705,1473866
Most,2022,8,319,27795,1470653
Mělník,2020,3,107,49899,3066857
Mělník,2020,4,101,48542,3027328
Mělník,2020,5,85,49505,3058543
Mělník,2020,6,38,51131,2791193
Mělník,2020,7,29,55427,3488074
Mělník,2020,8,60,49274,3166601
Mělník,2020,9,73,51709,3249839
Mělník,2020,10,82,52692,3100282
Mělník,2020,12,69,53001,3178067
Mělník,2021,1,75,52935,3282689
Mělník,2021,2,76,55988,3361893
Mělník,2021,3,82,56596,3511166
Mělník,2021,4,76,58843,3596684
Mělník,2021,6,72,58774,3810248
Mělník,2021,7,64,57645,3817235
Mělník,2021,8,58,58574,3715656
Mělník,2021,9,50,56934,3704944
Mělník,2021,10,51,56062,3761876
Mělník,2021,11,48,56861,3747629
Mělník,2021,12,54,62297,4013424
Mělník,2022,1,61,67590,4024110
Mělník,2022,2,69,67731,4445653
Mělník,2022,3,99,68808,4307521
Mělník,2022,4,110,67988,4282276
Mělník,2022,5,100,69298,4401067
Mělník,2022,6,103,70524,4415821
Mělník,2022,7,101,70357,4609520
Mělník,2022,8,95,68250,4415962
Nový Jičín,2020,3,69,26549,1808108
Nový Jičín,2020,4,76,27984,1839542
Nový Jičín,2020,5,82,28048,1756149
Nový Jičín,2020,6,49,29161,2011045
Nový Jičín,2020,7,67,28366,1828910
Nový Jičín,2020,8,51,26938,1805940
Nový Jičín,2020,9,74,28550,1870263
Nový Jičín,2020,10,77,29155,1756162
Nový Jičín,2020,12,52,30571,1738206
Nový Jičín,2021,1,39,29208,1797057
Nový Jičín,2021,2,43,32120,2073182
Nový Jičín,2021,3,35,33673,2088652
Nový Jičín,2021,4,30,34862,2105827
Nový Jičín,2021,6,36,39563,3020979
Nový Jičín,2021,7,31,41743,3072580
Nový Jičín,2021,8,32,40262,2719812
Nový Jičín,2021,9,27,40884,2529555
Nový Jičín,2021,10,32,39819,2435562
Nový Jičín,2021,11,33,40915,2489560
Nový Jičín,2021,12,22,41352,2663409
Nový Jičín,2022,1,35,42009,2668114
Nový Jičín,2022,2,45,42580,2709844
Nový Jičín,2022,3,40,44870,2804700
Nový Jičín,2022,4,63,44345,2820777
Nový Jičín,2022,5,46,46432,2856271
Nový Jičín,2022,6,63,46681,2953817
Nový Jičín,2022,7,90,47223,2785711
Nový Jičín,2022,8,99,43680,2667577
Nymburk,2020,3,93,45758,3102718
Nymburk,2020,4,98,47202,3241622
Nymburk,2020,5,96,47205,3126850
Nymburk,2020,6,33,47296,2922500
Nymburk,2020,7,27,44474,3041777
Nymburk,2020,8,61,45467,3284950
Nymburk,2020,9,93,49068,3114026
Nymburk,2020,10,90,49476,3137832
Nymburk,2020,12,73,50267,3448739
Nymburk,2021,1,73,51562,3454267
Nymburk,2021,2,77,53029,3110740
Nymburk,2021,3,75,53275,3282386
Nymburk,2021,4,71,51538,3343683
Nymburk,2021,6,59,61322,4139276
Nymburk,2021,7,55,67009,4504550
Nymburk,2021,8,64,67065,3999793
Nymburk,2021,9,63,66407,4286225
Nymburk,2021,10,50,66477,4478065
Nymburk,2021,11,46,67045,4403933
Nymburk,2021,12,40,71292,5434473
Nymburk,2022,1,55,69837,4879307
Nymburk,2022,2,89,75981,4785372
Nymburk,2022,3,84,74508,4777692
Nymburk,2022,4,100,74092,5107480
Nymburk,2022,5,98,75440,4986327
Nymburk,2022,6,110,73111,4925628
Nymburk,2022,7,138,73488,4825280
Nymburk,2022,8,152,71187,4723740
Náchod,2020,3,42,24075,1492010
Náchod,2020,4,39,25915,1572982
Náchod,2020,5,31,25206,1628755
Náchod,2020,6,35,24221,1644255
Náchod,2020,7,24,24874,1616997
Náchod,2020,8,32,23845,1678638
Náchod,2020,9,31,27149,1699239
Náchod,2020,10,29,27118,1693945
Náchod,2020,12,20,26763,1761571
Náchod,2021,1,22,28178,1851201
Náchod,2021,2,20,27558,1785521
Náchod,2021,3,14,29224,2103459
Náchod,2021,4,18,26517,2229468
Náchod,2021,6,16,32461,2339687
Náchod,2021,7,21,35744,2187809
Náchod,2021,8,24,35112,2436833
Náchod,2021,9,21,32607,1820952
Náchod,2021,10,22,36640,2499272
Náchod,2021,11,20,38730,2486200
Náchod,2021,12,26,40275,2442653
Náchod,2022,1,24,39767,2322125
Náchod,2022,2,28,41675,2481428
Náchod,2022,3,38,37313,2430289
Náchod,2022,4,43,36386,2316243
Náchod,2022,5,38,40240,2424236
Náchod,2022,6,51,41876,2763813
Náchod,2022,7,48,45110,2933072
Náchod,2022,8,53,46037,2999179
Olomouc,2020,3,332,49261,3719032
Olomouc,2020,4,368,49262,3633817
Olomouc,2020,5,379,48915,3614383
Olomouc,2020,6,294,50122,3825352
Olomouc,2020,7,291,49729,3755197
Olomouc,2020,8,182,49903,4057242
Olomouc,2020,9,215,50050,4167021
Olomouc,2020,10,200,51169,4157553
Olomouc,2020,12,234,55224,4490216
Olomouc,2021,1,209,54547,4305958
Olomouc,2021,2,191,55095,4533307
Olomouc,2021,3,189,56069,4644304
Olomouc,2021,4,202,58124,4529450
Olomouc,2021,6,166,59082,4641616
Olomouc,2021,7,162,57470,4596819
Olomouc,2021,8,174,57805,4610130
Olomouc,2021,9,163,58136,4655291
Olomouc,2021,10,128,63214,5159409
Olomouc,2021,11,120,61384,4907697
Olomouc,2021,12,96,64244,5228634
Olomouc,2022,1,116,66235,5003452
Olomouc,2022,2,153,68069,5156963
Olomouc,2022,3,166,67481,5031246
Olomouc,2022,4,217,70341,5199136
Olomouc,2022,5,198,71602,5282620
Olomouc,2022,6,246,70374,5244573
Olomouc,2022,7,296,70454,5046917
Olomouc,2022,8,298,71433,4897461
Opava,2020,3,130,31830,2870096
Opava,2020,4,114,32768,2694426
Opava,2020,5,117,33547,2691347
Opava,2020,6,91,34446,3298047
Opava,2020,7,96,34126,2912357
Opava,2020,8,82,33089,3177081
Opava,2020,9,99,33787,3212915
Opava,2020,10,73,35827,3058365
Opava,2020,12,78,36199,3397857
Opava,2021,1,70,38654,3456047
Opava,2021,2,75,41277,3843453
Opava,2021,3,67,41742,3704432
Opava,2021,4,52,37949,3409769
Opava,2021,6,56,42044,3670589
Opava,2021,7,36,44166,3230769
Opava,2021,8,46,43485,3590790
Opava,2021,9,43,43869,3717054
Opava,2021,10,34,46551,3717422
Opava,2021,11,35,45820,3608610
Opava,2021,12,32,45624,4048194
Opava,2022,1,34,45756,3923147
Opava,2022,2,49,103533,3399020
Opava,2022,3,63,53527,3490079
Opava,2022,4,88,52108,3483706
Opava,2022,5,77,50689,3327981
Opava,2022,6,101,53359,3691124
Opava,2022,7,124,50854,3302353
Opava,2022,8,116,50574,3415195
Ostrava-město,2020,3,476,30917,2121473
Ostrava-město,2020,4,447,30539,2064644
Ostrava-město,2020,5,458,31203,2100720
Ostrava-město,2020,6,270,33565,2521231
Ostrava-město,2020,7,385,32276,2189104
Ostrava-město,2020,8,295,32182,2278412
Ostrava-město,2020,9,320,33740,2428558
Ostrava-město,2020,10,311,34647,2293697
Ostrava-město,2020,12,263,36573,2542309
Ostrava-město,2021,1,262,37905,2597578
Ostrava-město,2021,2,247,39740,2816190
Ostrava-město,2021,3,257,40133,2715299
Ostrava-město,2021,4,234,41021,2865952
Ostrava-město,2021,6,295,44518,3021437
Ostrava-město,2021,7,298,44452,2984477
Ostrava-město,2021,8,322,44352,2932035
Ostrava-město,2021,9,311,44532,2952419
Ostrava-město,2021,10,333,47791,3195059
Ostrava-město,2021,11,329,47833,3289658
Ostrava-město,2021,12,327,50153,3323754
Ostrava-město,2022,1,352,50408,3415077
Ostrava-město,2022,2,395,51153,3377480
Ostrava-město,2022,3,407,52967,3559200
Ostrava-město,2022,4,626,51443,3340828
Ostrava-město,2022,5,550,52217,3435928
Ostrava-město,2022,6,606,51528,3320357
Ostrava-město,2022,7,711,49771,3199211
Ostrava-město,2022,8,761,49402,3123715
Pardubice,2020,3,183,44641,3138080
Pardubice,2020,4,157,44269,3319064
Pardubice,2020,5,159,43357,3216740
Pardubice,2020,6,121,44867,3467200
Pardubice,2020,7,132,46322,3555789
Pardubice,2020,8,104,47209,3632951
Pardubice,2020,9,112,47652,3642362
Pardubice,2020,10,103,48832,3540637
Pardubice,2020,12,77,52608,3741767
Pardubice,2021,1,75,53980,3853679
Pardubice,2021,2,58,55220,3693244
Pardubice,2021,3,89,58158,3771577
Pardubice,2021,4,79,59393,3621049
Pardubice,2021,6,90,65370,3915954
Pardubice,2021,7,92,66352,4141342
Pardubice,2021,8,107,67542,4080473
Pardubice,2021,9,115,68134,4449182
Pardubice,2021,10,100,68502,4613263
Pardubice,2021,11,104,73247,5144469
Pardubice,2021,12,108,73400,5190158
Pardubice,2022,1,124,75034,5239280
Pardubice,2022,2,127,73090,5181574
Pardubice,2022,3,155,72751,5113834
Pardubice,2022,4,214,72911,4936667
Pardubice,2022,5,194,73361,4975845
Pardubice,2022,6,207,73376,4843861
Pardubice,2022,7,236,74911,4790978
Pardubice,2022,8,251,73009,4700324
Pelhřimov,2020,3,77,42048,2490622
Pelhřimov,2020,4,69,39201,2532361
Pelhřimov,2020,5,65,40375,2673945
Pelhřimov,2020,6,56,42853,2714619
Pelhřimov,2020,7,47,40514,2727572
Pelhřimov,2020,8,75,42990,2570827
Pelhřimov,2020,9,81,44340,2468388
Pelhřimov,2020,10,71,42843,2556562
Pelhřimov,2020,12,60,43053,2324761
Pelhřimov,2021,1,57,43545,2357829
Pelhřimov,2021,2,47,42269,2425119
Pelhřimov,2021,3,49,42664,2499323
Pelhřimov,2021,4,42,43384,2802032
Pelhřimov,2021,6,18,40012,3086638
Pelhřimov,2021,7,18,42880,2828872
Pelhřimov,2021,8,40,40729,2524205
Pelhřimov,2021,9,35,56223,3079148
Pelhřimov,2021,10,39,52389,3059364
Pelhřimov,2021,11,26,53278,3487353
Pelhřimov,2021,12,47,53073,3578121
Pelhřimov,2022,1,58,53383,3297463
Pelhřimov,2022,2,55,55718,3487561
Pelhřimov,2022,3,39,63061,4115925
Pelhřimov,2022,4,46,60998,4013415
Pelhřimov,2022,5,40,60122,4041515
Pelhřimov,2022,6,42,58722,3909622
Pelhřimov,2022,7,49,56071,3931521
Pelhřimov,2022,8,52,55846,3740331
Plzeň-jih,2020,3,37,32934,2284152
Plzeň-jih,2020,4,26,31613,2120615
Plzeň-jih,2020,5,29,31920,2137479
Plzeň-jih,2020,6,27,34508,2415351
Plzeň-jih,2020,7,23,36922,2488782
Plzeň-jih,2020,8,15,36534,2617000
Plzeň-jih,2020,9,18,35104,2240138
Plzeň-jih,2020,10,12,34518,2193541
Plzeň-jih,2020,12,9,31533,1920000
Plzeň-jih,2021,1,8,30341,1971250
Plzeň-jih,2021,2,14,32199,2082642
Plzeň-jih,2021,3,15,36084,2184733
Plzeň-jih,2021,4,10,38947,2728400
Plzeň-jih,2021,6,14,43475,2790510
Plzeň-jih,2021,7,15,46952,2935276
Plzeň-jih,2021,8,14,50203,2956285
Plzeň-jih,2021,9,13,53544,3170765
Plzeň-jih,2021,10,15,56465,3291770
Plzeň-jih,2021,11,13,58153,3423811
Plzeň-jih,2021,12,14,54446,3426196
Plzeň-jih,2022,1,15,54472,3578236
Plzeň-jih,2022,2,23,54685,3334545
Plzeň-jih,2022,3,11,52824,3181727
Plzeň-jih,2022,4,21,47790,3138697
Plzeň-jih,2022,5,23,48583,3186217
Plzeň-jih,2022,6,22,52354,3101318
Plzeň-jih,2022,7,26,47828,3116730
Plzeň-jih,2022,8,29,48546,3041379
Plzeň-město,2020,3,353,49847,3461163
Plzeň-město,2020,4,356,50478,3385082
Plzeň-město,2020,5,346,52672,3325981
Plzeň-město,2020,6,301,54120,3356357
Plzeň-město,2020,7,245,52617,3613675
Plzeň-město,2020,8,274,54252,3504009
Plzeň-město,2020,9,281,53651,3538962
Plzeň-město,2020,10,267,54947,3656263
Plzeň-město,2020,12,231,57861,3677532
Plzeň-město,2021,1,211,58379,3704002
Plzeň-město,2021,2,173,59573,3762020
Plzeň-město,2021,3,150,60618,3894622
Plzeň-město,2021,4,156,62242,3962885
Plzeň-město,2021,6,146,62554,4133333
Plzeň-město,2021,7,184,64939,4178385
Plzeň-město,2021,8,180,65021,4302513
Plzeň-město,2021,9,172,63754,4506187
Plzeň-město,2021,10,132,66051,4682504
Plzeň-město,2021,11,130,68994,4587761
Plzeň-město,2021,12,127,69649,4511409
Plzeň-město,2022,1,143,71389,4727033
Plzeň-město,2022,2,177,72602,4683887
Plzeň-město,2022,3,204,72230,4644415
Plzeň-město,2022,4,262,72679,4711352
Plzeň-město,2022,5,250,74609,4765573
Plzeň-město,2022,6,273,75356,4670885
Plzeň-město,2022,7,322,73421,4685433
Plzeň-město,2022,8,367,71409,4586265
Plzeň-sever,2020,3,75,36778,2279660
Plzeň-sever,2020,4,72,37562,2245308
Plzeň-sever,2020,5,67,37704,2183780
Plzeň-sever,2020,6,67,38907,2186004
Plzeň-sever,2020,7,54,36999,2108662
Plzeň-sever,2020,8,49,40586,2297356
Plzeň-sever,2020,9,58,39939,2221250
Plzeň-sever,2020,10,55,40024,2334851
Plzeň-sever,2020,12,54,40093,2510257
Plzeň-sever,2021,1,53,40681,2481218
Plzeň-sever,2021,2,43,39864,2434524
Plzeň-sever,2021,3,40,39252,2406970
Plzeň-sever,2021,4,44,44953,2642856
Plzeň-sever,2021,6,34,44389,2733247
Plzeň-sever,2021,7,28,44448,2641607
Plzeň-sever,2021,8,31,50351,2916419
Plzeň-sever,2021,9,33,47048,2599727
Plzeň-sever,2021,10,32,50666,3314831
Plzeň-sever,2021,11,29,51979,3431788
Plzeň-sever,2021,12,38,49667,3240927
Plzeň-sever,2022,1,46,51232,3219738
Plzeň-sever,2022,2,55,52257,3385233
Plzeň-sever,2022,3,46,54547,3747542
Plzeň-sever,2022,4,71,56616,3750391
Plzeň-sever,2022,5,55,57609,3868300
Plzeň-sever,2022,6,65,56774,3827101
Plzeň-sever,2022,7,72,56661,3915406
Plzeň-sever,2022,8,83,55290,3878840
Prachatice,2020,3,21,41400,2491738
Prachatice,2020,4,28,43256,2751160
Prachatice,2020,5,30,53276,3288715
Prachatice,2020,6,23,54052,3273628
Prachatice,2020,7,31,54118,3122982
Prachatice,2020,8,26,49067,2776690
Prachatice,2020,9,34,48680,2812601
Prachatice,2020,10,30,45675,2805748
Prachatice,2020,12,26,45195,3342073
Prachatice,2021,1,26,46097,3449807
Prachatice,2021,2,20,49118,3995350
Prachatice,2021,3,18,56860,4938611
Prachatice,2021,4,24,62791,4696983
Prachatice,2021,6,23,57242,3972678
Prachatice,2021,7,32,65571,3970337
Prachatice,2021,8,33,62602,3401733
Prachatice,2021,9,40,57635,3392376
Prachatice,2021,10,23,62395,4402266
Prachatice,2021,11,36,58340,4040420
Prachatice,2021,12,39,61895,4134217
Prachatice,2022,1,44,67254,4487147
Prachatice,2022,2,35,63688,4219099
Prachatice,2022,3,39,58498,3915876
Prachatice,2022,4,48,63044,4005774
Prachatice,2022,5,40,60762,3889604
Prachatice,2022,6,46,62725,4096165
Prachatice,2022,7,52,54608,3472695
Prachatice,2022,8,57,56750,3596105
Praha-východ,2020,3,165,66183,4466269
Praha-východ,2020,4,172,65044,4443662
Praha-východ,2020,5,206,65777,4582920
Praha-východ,2020,6,122,65760,4505509
Praha-východ,2020,7,93,64164,5116008
Praha-východ,2020,8,137,63168,5159429
Praha-východ,2020,9,212,65962,4799486
Praha-východ,2020,10,231,67204,4742891
Praha-východ,2020,12,218,70359,4969292
Praha-východ,2021,1,200,70017,5089432
Praha-východ,2021,2,152,72217,5161607
Praha-východ,2021,3,141,72639,5423485
Praha-východ,2021,4,141,72710,5706575
Praha-východ,2021,6,101,77599,5405183
Praha-východ,2021,7,99,78118,5463010
Praha-východ,2021,8,93,81093,5795270
Praha-východ,2021,9,107,79102,5992568
Praha-východ,2021,10,117,86918,5891498
Praha-východ,2021,11,94,86175,6239375
Praha-východ,2021,12,101,84918,6243473
Praha-východ,2022,1,102,89498,6290270
Praha-východ,2022,2,106,90753,6442863
Praha-východ,2022,3,123,93037,6946896
Praha-východ,2022,4,154,91976,6789766
Praha-východ,2022,5,119,90210,6621533
Praha-východ,2022,6,143,90848,6556229
Praha-východ,2022,7,153,92881,6569590
Praha-východ,2022,8,156,93995,6396531
Praha-západ,2020,3,252,69474,5241452
Praha-západ,2020,4,261,73029,5234560
Praha-západ,2020,5,274,72161,5172165
Praha-západ,2020,6,136,70611,5615640
Praha-západ,2020,7,121,70003,5935944
Praha-západ,2020,8,151,71594,6220448
Praha-západ,2020,9,235,74460,5707106
Praha-západ,2020,10,215,73966,5505792
Praha-západ,2020,12,237,79496,5934240
Praha-západ,2021,1,229,79662,6080851
Praha-západ,2021,2,196,80649,6411024
Praha-západ,2021,3,194,82497,6418714
Praha-západ,2021,4,169,82740,6538067
Praha-západ,2021,6,185,92498,6447178
Praha-západ,2021,7,193,91176,6473006
Praha-západ,2021,8,156,90887,6512189
Praha-západ,2021,9,122,93373,6976478
Praha-západ,2021,10,120,96907,6936781
Praha-západ,2021,11,107,98089,6938392
Praha-západ,2021,12,108,97241,7430380
Praha-západ,2022,1,134,95672,7174591
Praha-západ,2022,2,116,98770,7714438
Praha-západ,2022,3,135,99350,7500121
Praha-západ,2022,4,176,99804,7431070
Praha-západ,2022,5,139,101069,7305902
Praha-západ,2022,6,184,103833,7484233
Praha-západ,2022,7,209,105463,7597632
Praha-západ,2022,8,218,103883,7480887
Prostějov,2020,3,66,30199,2289848
Prostějov,2020,4,70,31956,2388685
Prostějov,2020,5,67,30939,2056776
Prostějov,2020,6,62,31625,2157532
Prostějov,2020,7,63,32549,2115476
Prostějov,2020,8,49,29852,2028714
Prostějov,2020,9,41,29953,2192090
Prostějov,2020,10,38,33064,2108360
Prostějov,2020,12,33,34391,2122248
Prostějov,2021,1,29,36270,2245006
Prostějov,2021,2,36,38676,2491450
Prostějov,2021,3,33,38054,2439590
Prostějov,2021,4,21,41974,2622095
Prostějov,2021,6,19,42824,2620421
Prostějov,2021,7,22,44157,2664272
Prostějov,2021,8,16,43679,3355000
Prostějov,2021,9,13,45169,3116384
Prostějov,2021,10,23,47174,3511130
Prostějov,2021,11,28,47446,3346464
Prostějov,2021,12,35,48982,3216992
Prostějov,2022,1,37,51184,3130135
Prostějov,2022,2,36,51953,3233527
Prostějov,2022,3,48,53587,3240198
Prostějov,2022,4,53,52478,3353950
Prostějov,2022,5,67,56569,3865046
Prostějov,2022,6,65,54019,3718568
Prostějov,2022,7,83,53211,3676373
Prostějov,2022,8,84,52989,3678438
Písek,2020,3,72,38522,2771640
Písek,2020,4,72,38109,2741209
Písek,2020,5,70,39412,2763653
Písek,2020,6,52,38407,2677629
Písek,2020,7,60,39834,2866701
Písek,2020,8,56,39402,2851394
Písek,2020,9,54,39238,2775538
Písek,2020,10,41,36937,2713664
Písek,2020,12,40,37723,2939782
Písek,2021,1,35,36223,2803564
Písek,2021,2,35,40384,3089450
Písek,2021,3,35,42712,3336921
Písek,2021,4,35,42232,3275507
Písek,2021,6,52,50966,3812484
Písek,2021,7,46,50544,3727172
Písek,2021,8,43,49828,3898997
Písek,2021,9,43,50967,3815439
Písek,2021,10,43,54033,3908881
Písek,2021,11,45,52636,3937282
Písek,2021,12,40,56893,4137667
Písek,2022,1,50,56441,3980434
Písek,2022,2,44,58274,4220402
Písek,2022,3,52,63657,4448244
Písek,2022,4,60,63880,4426478
Písek,2022,5,48,63459,4499435
Písek,2022,6,60,65584,4996019
Písek,2022,7,72,60600,4591460
Písek,2022,8,86,61610,4540570
Přerov,2020,3,91,27554,1770715
Přerov,2020,4,75,27640,1830167
Přerov,2020,5,75,26758,1614657
Přerov,2020,6,54,29137,1845876
Přerov,2020,7,64,29142,1904184
Přerov,2020,8,65,28001,1911253
Přerov,2020,9,64,28632,1964672
Přerov,2020,10,64,30695,2099162
Přerov,2020,12,49,32034,2165954
Přerov,2021,1,46,33508,2181451
Přerov,2021,2,32,33334,2357086
Přerov,2021,3,34,35588,2368111
Přerov,2021,4,30,38685,2620874
Přerov,2021,6,36,37222,2394722
Přerov,2021,7,26,38257,2390346
Přerov,2021,8,27,43806,2419355
Přerov,2021,9,32,44641,2290401
Přerov,2021,10,28,44449,2533151
Přerov,2021,11,32,44275,2524847
Přerov,2021,12,33,47459,2725037
Přerov,2022,1,34,49426,2937271
Přerov,2022,2,31,48630,3178523
Přerov,2022,3,49,52905,3167365
Přerov,2022,4,63,51015,3195611
Přerov,2022,5,57,53598,3186419
Přerov,2022,6,69,51697,3198835
Přerov,2022,7,82,50953,3180965
Přerov,2022,8,106,49553,2977535
Příbram,2020,3,56,42169,2907530
Příbram,2020,4,51,41860,2923817
Příbram,2020,5,45,41125,2846348
Příbram,2020,6,29,41348,2462275
Příbram,2020,7,22,43141,2930227
Příbram,2020,8,44,44436,3068061
Příbram,2020,9,58,46565,3151312
Příbram,2020,10,54,43049,2627968
Příbram,2020,12,51,51147,3005202
Příbram,2021,1,39,50800,3151940
Příbram,2021,2,49,53673,3471211
Příbram,2021,3,50,54855,3368287
Příbram,2021,4,34,52425,3489376
Příbram,2021,6,60,59656,4217982
Příbram,2021,7,48,59292,4583529
Příbram,2021,8,65,58073,4113672
Příbram,2021,9,50,61551,4129377
Příbram,2021,10,48,56736,4580484
Příbram,2021,11,44,56117,4790139
Příbram,2021,12,34,54951,4882758
Příbram,2022,1,50,57606,4355027
Příbram,2022,2,44,59903,4799673
Příbram,2022,3,45,60543,4619074
Příbram,2022,4,58,60674,4390287
Příbram,2022,5,45,59759,4429911
Příbram,2022,6,58,60740,4241741
Příbram,2022,7,89,73408,4955567
Příbram,2022,8,105,71359,4960774
Rakovník,2020,3,11,30557,2447818
Rakovník,2020,4,18,34815,2399388
Rakovník,2020,5,18,34761,2262277
Rakovník,2020,6,13,38503,2173307
Rakovník,2020,7,10,38658,2474900
Rakovník,2020,8,18,36994,2153722
Rakovník,2020,9,30,39035,2395966
Rakovník,2020,10,39,37173,2430461
Rakovník,2020,12,41,39503,2450658
Rakovník,2021,1,36,36152,2415611
Rakovník,2021,2,22,38111,2697227
Rakovník,2021,3,21,36843,2570904
Rakovník,2021,4,23,36124,2794478
Rakovník,2021,6,30,44048,2936294
Rakovník,2021,7,31,45107,2857833
Rakovník,2021,8,41,50823,2939786
Rakovník,2021,9,38,55175,3251934
Rakovník,2021,10,36,51174,2868217
Rakovník,2021,11,31,52416,3102277
Rakovník,2021,12,31,55355,3352346
Rakovník,2022,1,38,57019,3375746
Rakovník,2022,2,35,62383,3720677
Rakovník,2022,3,37,58865,3780957
Rakovník,2022,4,46,59260,3639792
Rakovník,2022,5,42,61974,3707035
Rakovník,2022,6,44,63930,3614799
Rakovník,2022,7,55,64165,3774673
Rakovník,2022,8,60,62418,3821250
Rokycany,2020,3,79,43605,2763613
Rokycany,2020,4,29,32647,2297718
Rokycany,2020,5,35,35339,2614039
Rokycany,2020,6,41,37542,2717975
Rokycany,2020,7,29,36703,2770823
Rokycany,2020,8,29,38788,2878212
Rokycany,2020,9,33,37431,2898065
Rokycany,2020,10,32,37003,2878865
Rokycany,2020,12,25,36786,3017660
Rokycany,2021,1,32,38462,2797524
Rokycany,2021,2,31,38719,2658249
Rokycany,2021,3,29,39950,2730913
Rokycany,2021,4,24,42241,2738583
Rokycany,2021,6,19,96873,2869842
Rokycany,2021,7,14,43823,2884020
Rokycany,2021,8,21,48211,3297745
Rokycany,2021,9,20,44463,2902732
Rokycany,2021,10,15,43461,2855066
Rokycany,2021,11,13,48594,3562076
Rokycany,2021,12,17,49148,3722058
Rokycany,2022,1,25,57119,4038920
Rokycany,2022,2,19,53790,3872421
Rokycany,2022,3,33,53037,3648060
Rokycany,2022,4,41,54499,3377560
Rokycany,2022,5,34,54270,3588270
Rokycany,2022,6,38,53733,3508031
Rokycany,2022,7,30,54735,3636333
Rokycany,2022,8,35,53981,3587329
Rychnov nad Kněžnou,2020,3,77,33613,2282987
Rychnov nad Kněžnou,2020,4,75,33906,2266880
Rychnov nad Kněžnou,2020,5,74,34285,2300216
Rychnov nad Kněžnou,2020,6,67,34301,2536776
Rychnov nad Kněžnou,2020,7,53,34345,2708867
Rychnov nad Kněžnou,2020,8,55,36108,2656254
Rychnov nad Kněžnou,2020,9,60,36322,2549516
Rychnov nad Kněžnou,2020,10,43,34669,2601186
Rychnov nad Kněžnou,2020,12,36,39160,2580055
Rychnov nad Kněžnou,2021,1,34,52826,2817411
Rychnov nad Kněžnou,2021,2,26,43867,2923576
Rychnov nad Kněžnou,2021,3,13,34496,2975000
Rychnov nad Kněžnou,2021,4,26,45344,3150319
Rychnov nad Kněžnou,2021,6,26,53353,3423853
Rychnov nad Kněžnou,2021,7,31,52776,3351651
Rychnov nad Kněžnou,2021,8,25,50784,2968680
Rychnov nad Kněžnou,2021,9,19,60564,3376536
Rychnov nad Kněžnou,2021,10,18,53289,3494666
Rychnov nad Kněžnou,2021,11,24,62541,3661425
Rychnov nad Kněžnou,2021,12,38,60653,3917171
Rychnov nad Kněžnou,2022,1,34,64258,3686264
Rychnov nad Kněžnou,2022,2,35,59362,3653185
Rychnov nad Kněžnou,2022,3,36,62891,3505569
Rychnov nad Kněžnou,2022,4,47,62844,3474502
Rychnov nad Kněžnou,2022,5,34,68284,3949632
Rychnov nad Kněžnou,2022,6,67,67054,3930295
Rychnov nad Kněžnou,2022,7,63,63899,3792950
Rychnov nad Kněžnou,2022,8,62,64757,3795741
Semily,2020,3,67,60639,3751597
Semily,2020,4,81,63888,3785587
Semily,2020,5,82,63307,3777175
Semily,2020,6,73,67605,4027731
Semily,2020,7,75,69300,4274551
Semily,2020,8,66,67526,4039786
Semily,2020,9,71,67068,3960293
Semily,2020,10,52,66357,3771099
Semily,2020,12,41,75667,3966728
Semily,2021,1,49,83655,4548971
Semily,2021,2,39,82166,4485750
Semily,2021,3,63,91361,4827595
Semily,2021,4,52,92657,5580143
Semily,2021,6,50,96907,5986687
Semily,2021,7,39,79732,4998017
Semily,2021,8,53,108227,6169543
Semily,2021,9,65,111742,6290772
Semily,2021,10,70,110955,6146960
Semily,2021,11,54,122222,6992779
Semily,2021,12,60,112980,6664283
Semily,2022,1,75,108630,6253292
Semily,2022,2,76,113941,6727635
Semily,2022,3,63,106258,6464428
Semily,2022,4,67,101397,6202530
Semily,2022,5,63,101283,6244871
Semily,2022,6,67,108900,6740103
Semily,2022,7,81,106762,6240955
Semily,2022,8,78,112224,6554088
Sokolov,2020,3,99,16792,1020029
Sokolov,2020,4,96,16564,1021942
Sokolov,2020,5,96,16713,1008005
Sokolov,2020,6,58,16472,973681
Sokolov,2020,7,87,17061,1019442
Sokolov,2020,8,74,16640,988060
Sokolov,2020,9,93,17079,979048
Sokolov,2020,10,95,17315,1040299
Sokolov,2020,12,94,17292,992117
Sokolov,2021,1,76,17334,1011315
Sokolov,2021,2,63,18327,1113301
Sokolov,2021,3,65,18311,1096107
Sokolov,2021,4,55,17358,1012763
Sokolov,2021,6,75,21101,1294193
Sokolov,2021,7,63,21330,1354452
Sokolov,2021,8,53,21561,1369226
Sokolov,2021,9,56,21456,1382499
Sokolov,2021,10,58,23476,1376289
Sokolov,2021,11,50,24189,1397879
Sokolov,2021,12,58,28695,1580436
Sokolov,2022,1,72,27211,1534972
Sokolov,2022,2,93,27910,1656698
Sokolov,2022,3,80,30603,1748731
Sokolov,2022,4,115,28921,1635560
Sokolov,2022,5,94,29350,1651781
Sokolov,2022,6,119,28625,1580726
Sokolov,2022,7,137,29046,1632987
Sokolov,2022,8,158,28927,1609880
Strakonice,2020,3,27,33350,1841601
Strakonice,2020,4,24,34697,1967301
Strakonice,2020,5,16,36844,1910140
Strakonice,2020,6,22,35253,1958318
Strakonice,2020,7,25,37273,2138889
Strakonice,2020,8,21,36278,1914630
Strakonice,2020,9,39,36907,2282808
Strakonice,2020,10,33,36712,2418756
Strakonice,2020,12,23,36311,2812589
Strakonice,2021,1,10,37706,2630600
Strakonice,2021,2,20,32597,2528650
Strakonice,2021,3,21,31521,2397476
Strakonice,2021,4,9,30167,2593555
Strakonice,2021,6,12,38445,2490333
Strakonice,2021,7,13,39762,2685692
Strakonice,2021,8,14,41351,3033214
Strakonice,2021,9,14,43817,3492428
Strakonice,2021,10,8,45415,3330500
Strakonice,2021,11,20,45164,3347262
Strakonice,2021,12,22,42678,3136986
Strakonice,2022,1,28,44735,3262274
Strakonice,2022,2,31,47189,3248957
Strakonice,2022,3,34,49257,3226864
Strakonice,2022,4,51,47609,3179980
Strakonice,2022,5,44,46343,3132954
Strakonice,2022,6,50,49266,3245599
Strakonice,2022,7,52,49523,3238187
Strakonice,2022,8,58,49200,3106871
Svitavy,2020,3,52,28278,1838727
Svitavy,2020,4,47,29772,2035719
Svitavy,2020,5,53,32277,2084430
Svitavy,2020,6,41,30793,2074202
Svitavy,2020,7,37,32866,2161387
Svitavy,2020,8,41,35404,2211666
Svitavy,2020,9,38,32967,2292477
Svitavy,2020,10,40,34900,2370078
Svitavy,2020,12,41,36755,2549722
Svitavy,2021,1,34,35658,2471680
Svitavy,2021,2,38,35791,2462924
Svitavy,2021,3,43,34658,2481959
Svitavy,2021,4,37,36674,2580822
Svitavy,2021,6,36,42147,2603169
Svitavy,2021,7,36,41681,2614889
Svitavy,2021,8,38,89838,2587552
Svitavy,2021,9,28,106456,2728587
Svitavy,2021,10,38,46877,2830432
Svitavy,2021,11,35,43191,2664432
Svitavy,2021,12,41,44496,2781335
Svitavy,2022,1,33,44593,2787871
Svitavy,2022,2,42,45163,2902883
Svitavy,2022,3,32,49700,2932333
Svitavy,2022,4,49,50670,3145564
Svitavy,2022,5,49,51143,3114850
Svitavy,2022,6,50,51928,3307541
Svitavy,2022,7,71,50955,3432224
Svitavy,2022,8,73,51893,3435231
Tachov,2020,3,65,28453,1710323
Tachov,2020,4,65,27722,1650863
Tachov,2020,5,57,29085,1698063
Tachov,2020,6,63,28846,1746314
Tachov,2020,7,58,28985,1685194
Tachov,2020,8,55,30305,1742829
Tachov,2020,9,55,30629,1661445
Tachov,2020,10,50,30373,1685206
Tachov,2020,12,51,30337,1720913
Tachov,2021,1,52,30352,1724780
Tachov,2021,2,67,30118,1859849
Tachov,2021,3,55,31887,1872634
Tachov,2021,4,38,32209,1919497
Tachov,2021,6,25,30578,1931360
Tachov,2021,7,21,27679,1840761
Tachov,2021,8,19,32245,1970573
Tachov,2021,9,23,33143,1954126
Tachov,2021,10,29,35384,2382579
Tachov,2021,11,21,37854,2554042
Tachov,2021,12,24,36657,2613291
Tachov,2022,1,25,39030,2577239
Tachov,2022,2,26,40659,2507846
Tachov,2022,3,27,42126,2475666
Tachov,2022,4,33,43717,2725424
Tachov,2022,5,24,43872,2764375
Tachov,2022,6,26,44511,2831961
Tachov,2022,7,33,45533,2889636
Tachov,2022,8,42,45348,2861547
Teplice,2020,3,224,15872,1129203
Teplice,2020,4,205,15582,1103422
Teplice,2020,5,233,15728,1076009
Teplice,2020,6,209,15794,1063426
Teplice,2020,7,166,16707,1154408
Teplice,2020,8,210,16866,1177354
Teplice,2020,9,239,16388,1123326
Teplice,2020,10,237,15975,1123857
Teplice,2020,12,218,17912,1229940
Teplice,2021,1,210,17604,1247110
Teplice,2021,2,177,18945,1352798
Teplice,2021,3,179,19555,1410400
Teplice,2021,4,140,21322,1561318
Teplice,2021,6,169,22438,1463398
Teplice,2021,7,180,23797,1559155
Teplice,2021,8,159,21814,1433762
Teplice,2021,9,176,23261,1348934
Teplice,2021,10,159,24221,1416015
Teplice,2021,11,158,24126,1441871
Teplice,2021,12,172,26150,1631245
Teplice,2022,1,202,26604,1577504
Teplice,2022,2,228,28106,1688321
Teplice,2022,3,214,31374,1868279
Teplice,2022,4,304,30234,1775000
Teplice,2022,5,261,29777,1729333
Teplice,2022,6,268,29648,1720344
Teplice,2022,7,313,29566,1751328
Teplice,2022,8,318,29498,1682958
Trutnov,2020,3,145,61305,3841867
Trutnov,2020,4,139,56775,3765998
Trutnov,2020,5,131,57866,3615903
Trutnov,2020,6,118,58436,3722571
Trutnov,2020,7,104,62463,3907044
Trutnov,2020,8,90,63021,3917173
Trutnov,2020,9,105,67030,4214121
Trutnov,2020,10,108,63911,4035099
Trutnov,2020,12,119,74742,4806159
Trutnov,2021,1,102,73807,4806585
Trutnov,2021,2,88,87174,5220267
Trutnov,2021,3,89,84778,5311576
Trutnov,2021,4,76,86643,5274976
Trutnov,2021,6,108,82710,5347244
Trutnov,2021,7,95,79477,5226027
Trutnov,2021,8,124,79360,5473882
Trutnov,2021,9,128,79920,5746924
Trutnov,2021,10,125,85594,5852179
Trutnov,2021,11,156,96122,5791278
Trutnov,2021,12,111,92103,5772922
Trutnov,2022,1,100,100182,5757546
Trutnov,2022,2,115,93190,5583819
Trutnov,2022,3,134,93302,5767677
Trutnov,2022,4,147,94456,5769394
Trutnov,2022,5,139,94872,6120509
Trutnov,2022,6,171,90239,5456200
Trutnov,2022,7,173,85288,5301178
Trutnov,2022,8,216,91004,5256096
Tábor,2020,3,75,35014,2520286
Tábor,2020,4,71,33846,2370091
Tábor,2020,5,71,33888,2342112
Tábor,2020,6,41,34469,2254341
Tábor,2020,7,43,36733,2557534
Tábor,2020,8,46,38261,2604717
Tábor,2020,9,37,41147,2703189
Tábor,2020,10,32,37000,2655187
Tábor,2020,12,48,37662,2777458
Tábor,2021,1,44,38308,2511318
Tábor,2021,2,31,42586,2772548
Tábor,2021,3,25,40305,2717760
Tábor,2021,4,20,41850,2868400
Tábor,2021,6,37,41360,2776594
Tábor,2021,7,41,43515,2817514
Tábor,2021,8,51,40678,2651100
Tábor,2021,9,44,42214,2825595
Tábor,2021,10,36,46453,2966252
Tábor,2021,11,37,47537,3304410
Tábor,2021,12,36,50638,3413111
Tábor,2022,1,37,50166,3407243
Tábor,2022,2,63,62981,3922444
Tábor,2022,3,70,61832,3623442
Tábor,2022,4,82,61820,3827454
Tábor,2022,5,78,63264,4077454
Tábor,2022,6,59,57891,3839244
Tábor,2022,7,89,56219,3994750
Tábor,2022,8,104,57128,3974450
Třebíč,2020,3,40,34583,2500700
Třebíč,2020,4,35,35728,2533885
Třebíč,2020,5,36,36314,2536666
Třebíč,2020,6,30,38052,2448900
Třebíč,2020,7,31,36182,2468161
Třebíč,2020,8,31,39518,2860677
Třebíč,2020,9,30,38858,2885600
Třebíč,2020,10,31,40140,2808870
Třebíč,2020,12,21,43825,3090714
Třebíč,2021,1,24,45375,2852250
Třebíč,2021,2,18,46709,2680277
Třebíč,2021,3,18,45497,2921555
Třebíč,2021,4,18,46729,2690111
Třebíč,2021,6,26,46598,3468098
Třebíč,2021,7,25,49925,3468142
Třebíč,2021,8,31,49344,3510592
Třebíč,2021,9,23,50080,3419521
Třebíč,2021,10,32,55889,3955003
Třebíč,2021,11,23,57494,3463286
Třebíč,2021,12,34,56551,3875379
Třebíč,2022,1,37,59981,3761376
Třebíč,2022,2,31,58778,3941945
Třebíč,2022,3,33,59129,4104328
Třebíč,2022,4,39,57604,4004249
Třebíč,2022,5,26,55332,3865180
Třebíč,2022,6,32,59673,3725527
Třebíč,2022,7,49,63923,4436425
Třebíč,2022,8,47,64682,4445272
Uherské Hradiště,2020,3,48,36815,2937812
Uherské Hradiště,2020,4,53,39063,2895113
Uherské Hradiště,2020,5,62,39592,3235838
Uherské Hradiště,2020,6,56,43335,3387160
Uherské Hradiště,2020,7,41,39601,3263707
Uherské Hradiště,2020,8,46,37724,3245456
Uherské Hradiště,2020,9,39,39884,3342692
Uherské Hradiště,2020,10,35,40591,3514142
Uherské Hradiště,2020,12,29,45631,3954172
Uherské Hradiště,2021,1,24,46310,3946666
Uherské Hradiště,2021,2,23,45231,3506347
Uherské Hradiště,2021,3,30,48036,3634366
Uherské Hradiště,2021,4,34,47107,3554205
Uherské Hradiště,2021,6,13,51052,4665307
Uherské Hradiště,2021,7,17,53698,4237000
Uherské Hradiště,2021,8,14,52547,4320642
Uherské Hradiště,2021,9,12,49680,4800750
Uherské Hradiště,2021,10,9,51291,4063222
Uherské Hradiště,2021,11,13,53259,3780692
Uherské Hradiště,2021,12,26,58002,4332692
Uherské Hradiště,2022,1,18,56753,4327444
Uherské Hradiště,2022,2,20,60739,4433150
Uherské Hradiště,2022,3,18,56093,4276666
Uherské Hradiště,2022,4,21,62712,4111142
Uherské Hradiště,2022,5,25,60865,3668520
Uherské Hradiště,2022,6,33,64634,4461751
Uherské Hradiště,2022,7,60,64447,4364046
Uherské Hradiště,2022,8,66,65273,4395266
Vsetín,2020,3,92,37728,2323444
Vsetín,2020,4,75,38755,2432100
Vsetín,2020,5,83,36622,2416331
Vsetín,2020,6,50,37274,2400693
Vsetín,2020,7,60,41700,2675478
Vsetín,2020,8,55,38763,2551375
Vsetín,2020,9,61,48040,3129109
Vsetín,2020,10,63,47326,3081138
Vsetín,2020,12,47,49030,3184010
Vsetín,2021,1,51,52754,3523803
Vsetín,2021,2,33,53078,3418717
Vsetín,2021,3,32,53623,3581584
Vsetín,2021,4,30,53390,3487289
Vsetín,2021,6,40,52972,3138072
Vsetín,2021,7,38,54106,3308997
Vsetín,2021,8,47,51042,3195286
Vsetín,2021,9,46,49253,2984394
Vsetín,2021,10,32,49867,3012800
Vsetín,2021,11,48,62656,3757803
Vsetín,2021,12,44,57338,3313657
Vsetín,2022,1,42,58084,3302307
Vsetín,2022,2,49,53454,3005990
Vsetín,2022,3,48,51334,3017182
Vsetín,2022,4,58,54650,3193199
Vsetín,2022,5,51,59265,3545019
Vsetín,2022,6,66,57241,3514068
Vsetín,2022,7,67,58705,3654539
Vsetín,2022,8,84,57633,3452270
Vyškov,2020,3,121,48425,3287980
Vyškov,2020,4,112,47416,3219193
Vyškov,2020,5,96,47722,3267384
Vyškov,2020,6,72,45834,3302318
Vyškov,2020,7,51,44593,3521381
Vyškov,2020,8,59,46844,3385572
Vyškov,2020,9,82,47508,3384939
Vyškov,2020,10,74,48671,3567428
Vyškov,2020,12,55,54018,3732449
Vyškov,2021,1,41,55768,3826909
Vyškov,2021,2,38,55099,4063905
Vyškov,2021,3,40,57149,4370227
Vyškov,2021,4,41,56358,4368297
Vyškov,2021,6,29,57141,4487977
Vyškov,2021,7,33,59914,4470712
Vyškov,2021,8,38,62201,4923923
Vyškov,2021,9,32,60842,5011205
Vyškov,2021,10,36,56564,4540835
Vyškov,2021,11,23,58197,4506740
Vyškov,2021,12,39,68599,5028973
Vyškov,2022,1,44,76174,5234256
Vyškov,2022,2,64,67023,5569284
Vyškov,2022,3,59,75129,5789760
Vyškov,2022,4,68,72963,5688863
Vyškov,2022,5,62,74603,5974266
Vyškov,2022,6,70,72278,5757253
Vyškov,2022,7,83,73823,5433372
Vyškov,2022,8,95,68570,5455580
Zlín,2020,3,143,45920,3380652
Zlín,2020,4,172,46068,3488699
Zlín,2020,5,181,50447,3980553
Zlín,2020,6,127,51291,3774783
Zlín,2020,7,145,49138,3591360
Zlín,2020,8,179,51924,3956963
Zlín,2020,9,191,53070,4032813
Zlín,2020,10,185,51180,3903917
Zlín,2020,12,147,57861,4491770
Zlín,2021,1,142,58447,4462297
Zlín,2021,2,132,59055,4515535
Zlín,2021,3,139,58755,4643804
Zlín,2021,4,137,60098,4749230
Zlín,2021,6,85,62076,4441533
Zlín,2021,7,95,60670,4361480
Zlín,2021,8,93,63344,4464347
Zlín,2021,9,111,62473,4494788
Zlín,2021,10,76,65585,4522219
Zlín,2021,11,69,68098,4738804
Zlín,2021,12,81,67680,4695303
Zlín,2022,1,85,65651,4645788
Zlín,2022,2,93,63542,4887598
Zlín,2022,3,105,68852,5242067
Zlín,2022,4,129,69870,5205363
Zlín,2022,5,121,71403,5157399
Zlín,2022,6,143,73260,5481399
Zlín,2022,7,179,73464,5139539
Zlín,2022,8,198,76785,5539790
Znojmo,2020,3,100,38160,2795065
Znojmo,2020,4,95,37801,2811919
Znojmo,2020,5,103,37594,2808503
Znojmo,2020,6,101,36435,2789806
Znojmo,2020,7,74,35876,2738843
Znojmo,2020,8,84,38328,2873096
Znojmo,2020,9,71,37637,2807534
Znojmo,2020,10,66,37726,2886127
Znojmo,2020,12,66,42798,3196682
Znojmo,2021,1,55,44147,3370798
Znojmo,2021,2,54,43672,3597366
Znojmo,2021,3,46,42728,3473743
Znojmo,2021,4,48,41824,3403230
Znojmo,2021,6,35,49104,3496291
Znojmo,2021,7,43,47247,3941611
Znojmo,2021,8,51,46747,3777599
Znojmo,2021,9,30,49327,3738766
Znojmo,2021,10,32,53181,3889072
Znojmo,2021,11,36,52195,3828231
Znojmo,2021,12,36,53770,4453723
Znojmo,2022,1,38,52528,4393846
Znojmo,2022,2,47,58183,4949999
Znojmo,2022,3,60,55259,4795739
Znojmo,2022,4,73,56364,4516231
Znojmo,2022,5,87,57798,4510593
Znojmo,2022,6,81,60545,4436645
Znojmo,2022,7,102,61274,4395209
Znojmo,2022,8,116,61182,4379984
Ústí nad Labem,2020,3,136,21748,1452676
Ústí nad Labem,2020,4,121,21935,1498677
Ústí nad Labem,2020,5,132,22261,1518363
Ústí nad Labem,2020,6,123,22921,1510243
Ústí nad Labem,2020,7,94,22701,1589185
Ústí nad Labem,2020,8,124,21898,1446415
Ústí nad Labem,2020,9,108,22850,1487322
Ústí nad Labem,2020,10,115,20541,1381486
Ústí nad Labem,2020,12,91,23892,1633905
Ústí nad Labem,2021,1,79,25065,1737327
Ústí nad Labem,2021,2,71,23643,1531788
Ústí nad Labem,2021,3,70,24425,1611357
Ústí nad Labem,2021,4,69,28661,1825275
Ústí nad Labem,2021,6,88,33409,2236962
Ústí nad Labem,2021,7,95,32935,2202559
Ústí nad Labem,2021,8,105,34732,2217445
Ústí nad Labem,2021,9,102,35727,2260145
Ústí nad Labem,2021,10,115,36229,2411289
Ústí nad Labem,2021,11,101,36305,2322592
Ústí nad Labem,2021,12,125,40365,2373798
Ústí nad Labem,2022,1,140,38955,2292880
Ústí nad Labem,2022,2,163,40935,2535277
Ústí nad Labem,2022,3,146,40893,2549602
Ústí nad Labem,2022,4,192,41868,2518776
Ústí nad Labem,2022,5,172,41719,2618749
Ústí nad Labem,2022,6,195,42200,2608730
Ústí nad Labem,2022,7,235,40689,2551331
Ústí nad Labem,2022,8,252,40616,2507733
Ústí nad Orlicí,2020,3,84,28197,1853661
Ústí nad Orlicí,2020,4,77,30269,1982644
Ústí nad Orlicí,2020,5,76,32054,1946315
Ústí nad Orlicí,2020,6,63,33444,2051936
Ústí nad Orlicí,2020,7,59,33782,1972489
Ústí nad Orlicí,2020,8,50,33730,2098938
Ústí nad Orlicí,2020,9,57,31991,2032814
Ústí nad Orlicí,2020,10,52,34067,2170911
Ústí nad Orlicí,2020,12,41,37585,2230645
Ústí nad Orlicí,2021,1,38,35397,2366967
Ústí nad Orlicí,2021,2,39,34672,2364920
Ústí nad Orlicí,2021,3,32,36075,2511403
Ústí nad Orlicí,2021,4,39,37990,2644074
Ústí nad Orlicí,2021,6,61,37202,2768421
Ústí nad Orlicí,2021,7,67,37792,2837040
Ústí nad Orlicí,2021,8,55,40608,2701405
Ústí nad Orlicí,2021,9,41,41536,2743097
Ústí nad Orlicí,2021,10,42,45608,3085142
Ústí nad Orlicí,2021,11,36,44778,3213416
Ústí nad Orlicí,2021,12,59,48493,3272593
Ústí nad Orlicí,2022,1,57,49494,3345807
Ústí nad Orlicí,2022,2,62,51255,3284983
Ústí nad Orlicí,2022,3,62,56143,3542774
Ústí nad Orlicí,2022,4,82,57147,3740475
Ústí nad Orlicí,2022,5,68,61443,3806375
Ústí nad Orlicí,2022,6,74,61240,3697297
Ústí nad Orlicí,2022,7,90,57227,3489381
Ústí nad Orlicí,2022,8,92,57059,3508954
Česká Lípa,2020,3,101,27723,1818792
Česká Lípa,2020,4,101,26847,1824851
Česká Lípa,2020,5,102,27071,1854289
Česká Lípa,2020,6,95,26935,1850117
Česká Lípa,2020,7,78,27690,1921958
Česká Lípa,2020,8,90,26605,1791563
Česká Lípa,2020,9,81,27432,1819058
Česká Lípa,2020,10,70,30147,2079328
Česká Lípa,2020,12,53,34045,2530344
Česká Lípa,2021,1,48,38088,2813980
Česká Lípa,2021,2,35,40402,3383176
Česká Lípa,2021,3,45,37817,3016892
Česká Lípa,2021,4,45,44635,3791444
Česká Lípa,2021,6,40,39349,2934500
Česká Lípa,2021,7,52,40983,3042057
Česká Lípa,2021,8,45,40238,3080648
Česká Lípa,2021,9,41,44028,2827463
Česká Lípa,2021,10,49,41132,2476387
Česká Lípa,2021,11,63,40940,2441444
Česká Lípa,2021,12,74,46265,2825935
Česká Lípa,2022,1,78,46181,2680214
Česká Lípa,2022,2,82,46425,2657065
Česká Lípa,2022,3,90,48242,2838343
Česká Lípa,2022,4,123,47874,2833149
Česká Lípa,2022,5,120,47724,2876925
Česká Lípa,2022,6,126,48725,2778817
Česká Lípa,2022,7,152,46738,2834399
Česká Lípa,2022,8,153,45937,2764755
České Budějovice,2020,3,216,45389,3554612
České Budějovice,2020,4,199,46038,3506188
České Budějovice,2020,5,195,47837,3562800
České Budějovice,2020,6,195,44587,3545876
České Budějovice,2020,7,179,45622,3491367
České Budějovice,2020,8,183,46399,3530565
České Budějovice,2020,9,172,48748,3330411
České Budějovice,2020,10,137,49711,3419647
České Budějovice,2020,12,130,50735,3651760
České Budějovice,2021,1,116,51061,3707923
České Budějovice,2021,2,123,51766,3949462
České Budějovice,2021,3,142,60636,4102508
České Budějovice,2021,4,146,61553,4323004
České Budějovice,2021,6,154,65176,4409011
České Budějovice,2021,7,141,66301,4403117
České Budějovice,2021,8,198,69863,4435430
České Budějovice,2021,9,154,68152,4821440
České Budějovice,2021,10,145,72742,5142103
České Budějovice,2021,11,156,73210,5311149
České Budějovice,2021,12,173,78059,5304947
České Budějovice,2022,1,205,79465,5343654
České Budějovice,2022,2,206,79974,5362861
České Budějovice,2022,3,195,80097,5554012
České Budějovice,2022,4,247,79100,5445994
České Budějovice,2022,5,224,79301,5517305
České Budějovice,2022,6,245,76883,5194872
České Budějovice,2022,7,318,78866,5203919
České Budějovice,2022,8,338,76061,5155997
Český Krumlov,2020,3,123,45194,3283921
Český Krumlov,2020,4,121,45546,3456963
Český Krumlov,2020,5,110,46627,3382476
Český Krumlov,2020,6,99,44734,3242343
Český Krumlov,2020,7,93,45703,3495427
Český Krumlov,2020,8,85,45322,3481571
Český Krumlov,2020,9,75,44743,3368267
Český Krumlov,2020,10,71,43332,3340275
Český Krumlov,2020,12,45,44811,3283700
Český Krumlov,2021,1,39,43669,3077025
Český Krumlov,2021,2,36,47313,2834073
Český Krumlov,2021,3,22,44223,2950954
Český Krumlov,2021,4,22,47319,2843590
Český Krumlov,2021,6,38,78977,4857582
Český Krumlov,2021,7,42,85243,5216383
Český Krumlov,2021,8,45,76889,4558136
Český Krumlov,2021,9,42,73661,4709261
Český Krumlov,2021,10,39,81204,5390223
Český Krumlov,2021,11,52,76649,5162579
Český Krumlov,2021,12,57,79733,5511149
Český Krumlov,2022,1,51,84310,5530698
Český Krumlov,2022,2,58,76258,5176881
Český Krumlov,2022,3,61,71343,4688127
Český Krumlov,2022,4,82,68434,4911939
Český Krumlov,2022,5,79,67468,4772113
Český Krumlov,2022,6,90,68243,4954648
Český Krumlov,2022,7,119,73304,4707000
Český Krumlov,2022,8,122,73322,4638851
Šumperk,2020,3,84,29425,2022862
Šumperk,2020,4,99,29353,1941477
Šumperk,2020,5,96,30669,1991931
Šumperk,2020,6,73,31721,2048118
Šumperk,2020,7,70,30361,1942966
Šumperk,2020,8,66,31162,2062469
Šumperk,2020,9,56,31203,2040303
Šumperk,2020,10,57,33897,2184799
Šumperk,2020,12,50,33137,2032021
Šumperk,2021,1,36,34084,1958557
Šumperk,2021,2,31,32120,1910943
Šumperk,2021,3,27,30732,1868909
Šumperk,2021,4,24,39380,2280106
Šumperk,2021,6,51,44142,2449836
Šumperk,2021,7,47,43101,2456545
Šumperk,2021,8,51,40015,2323502
Šumperk,2021,9,56,39234,2476857
Šumperk,2021,10,47,38860,2833117
Šumperk,2021,11,47,39171,2814702
Šumperk,2021,12,59,41573,2844203
Šumperk,2022,1,51,45481,2970078
Šumperk,2022,2,59,43038,3038457
Šumperk,2022,3,55,46076,2948748
Šumperk,2022,4,85,49363,2905576
Šumperk,2022,5,71,48107,2873345
Šumperk,2022,6,91,47333,2972901
Šumperk,2022,7,110,44415,2896218
Šumperk,2022,8,121,46493,2918925
Žďár nad Sázavou,2020,3,38,39549,2319789
Žďár nad Sázavou,2020,4,38,40410,2487789
Žďár nad Sázavou,2020,5,36,39981,2417113
Žďár nad Sázavou,2020,6,27,40802,2434888
Žďár nad Sázavou,2020,7,31,38740,2403879
Žďár nad Sázavou,2020,8,22,39201,2290909
Žďár nad Sázavou,2020,9,20,36273,2443500
Žďár nad Sázavou,2020,10,15,35625,2498466
Žďár nad Sázavou,2020,12,17,43443,3462617
Žďár nad Sázavou,2021,1,9,40653,2802222
Žďár nad Sázavou,2021,2,7,46918,3970357
Žďár nad Sázavou,2021,3,13,41857,3237153
Žďár nad Sázavou,2021,4,4,43518,3632500
Žďár nad Sázavou,2021,6,28,57669,3842366
Žďár nad Sázavou,2021,7,28,56547,3832248
Žďár nad Sázavou,2021,8,26,56526,4024960
Žďár nad Sázavou,2021,9,25,55891,4046478
Žďár nad Sázavou,2021,10,22,59949,4233763
Žďár nad Sázavou,2021,11,24,54034,4138366
Žďár nad Sázavou,2021,12,36,60523,4219208
Žďár nad Sázavou,2022,1,41,61446,4260329
Žďár nad Sázavou,2022,2,41,63788,4106743
Žďár nad Sázavou,2022,3,36,66865,4220375
Žďár nad Sázavou,2022,4,48,65338,4188172
Žďár nad Sázavou,2022,5,46,66628,4005630
Žďár nad Sázavou,2022,6,31,65074,3554370
Žďár nad Sázavou,2022,7,58,65438,4264827
Žďár nad Sázavou,2022,8,69,65103,4499181
